,keywords,citation
0,"2016 election, endorsements, mixed methods, content analysis, gatekeeping, norms","Kirsten Adams (2020) Between Trump and a Hard Place: Civil Gatekeeping and Moral Equivalence in Press Endorsements of 2016 Presidential Candidates, Journalism Studies, 21:11, 1531-1550, DOI: 10.1080/1461670X.2020.1770118"
1,"360-degree video, virtual reality, digital news, immersive journalism, New York Times, international reporting, human rights, cultural “Other”","Lindsay Palmer (2020) “Breaking Free” from the Frame: International Human Rights and the New York Times’ 360-Degree Video Journalism, Digital Journalism, 8:3, 386-403, DOI: 10.1080/21670811.2019.1709982"
2,"Activism, content analysis, international news, news audiences‌, protest paradigm, social media","Summer Harlow, Danielle K. Kilgo, Ramón Salaverría & Víctor García-Perdomo (2020) Is the Whole World Watching? Building a Typology of Protest Coverage on Social Media From Around the World, Journalism Studies, 21:11, 1590-1608, DOI: 10.1080/1461670X.2020.1776144"
3,"Advocacy journalism, journalism‌, critical theory, social constructivism, sustainability, Bernie Sanders","Norman Laws & Joanna Chojnicka (2020) “A Future to Believe in”: Introducing Varieties of Advocacy Journalism. The Examples Sustainability and the Sanders Campaign, Journalism Studies, 21:9, 1261-1283, DOI: 10.1080/1461670X.2020.1742773"
4,"Affect, emotion, journalism studies, news audiences, objectivity, social media","Karin Wahl-Jorgensen (2020) An Emotional Turn in Journalism Studies?, Digital Journalism, 8:2, 175-194, DOI: 10.1080/21670811.2019.1697626"
5,"Africa, big data analysis, computer-assisted coding, media, newspapers, United States","Erik Bleich, Mira Chugh, Adrienne Goldstein, Amelia Pollard, Varsha Vijayakumar & A. Maurits van der Veen (2020) Afro-Pessimist or Africa Rising? US Newspaper Coverage of Africa, 1994–2018, Journalism Studies, 21:13, 1775-1794, DOI: 10.1080/1461670X.2020.1790027"
6,"Africa, development, hierarchy of influences, Journalism, press freedom, Uganda","Karen McIntyre & Meghan Sobel Cohen (2021) Salary, Suppression, and Spies: Journalistic Challenges in Uganda, Journalism Studies, 22:2, 243-261, DOI: 10.1080/1461670X.2020.1852097"
7,"Agenda setting, network agenda-setting model, intermedia agenda setting, substantive attribute, affective attribute, machine learning","Yan Su, Jun Hu & Danielle Ka Lai Lee (2020) Delineating the Transnational Network Agenda-Setting Model of Mainstream Newspapers and Twitter: A Machine-Learning Approach, Journalism Studies, 21:15, 2113-2134, DOI: 10.1080/1461670X.2020.1812421"
8,"Agenda-cutting, agenda-setting, conceptualization, operational model, anticipatory obedience, self-censorship, climate of silence","Yosuke Buchmeier (2020) Towards a Conceptualization and Operationalization of Agenda-Cutting: A Research Agenda for a Neglected Media Phenomenon, Journalism Studies, 21:14, 2007-2024, DOI: 10.1080/1461670X.2020.1809493"
9,"Algorithmic content curation, personalization, quantitative methods, qualitative methods, computational journalism, data collection, computational social science","Mario Haim (2020) Agent-based Testing: An Automated Approach toward Artificial Reactions to Human Behavior, Journalism Studies, 21:7, 895-911, DOI: 10.1080/1461670X.2019.1702892"
10,"Algorithmic journalism, automated journalism, computational journalism, computational news discovery, data journalism, news production","Nicholas Diakopoulos (2020) Computational News Discovery: Towards Design Considerations for Editorial Orientation Algorithms in Journalism, Digital Journalism, 8:7, 945-967, DOI: 10.1080/21670811.2020.1736946"
11,"Alternative media, right-wing media, hyper-partisanship, mainstream media, counter-publics, Denmark, disinformation","Eva Mayerhöffer (2021) How do Danish Right-wing Alternative Media Position Themselves Against the Mainstream? Advancing the Study of Alternative Media Structure and Content, Journalism Studies, 22:2, 119-136, DOI: 10.1080/1461670X.2020.1814846"
12,"American journalism, marginalized communities, homeless representation, humanizing techniques, solidarity, empathy","Anita Varma (2020) Evoking Empathy or Enacting Solidarity with Marginalized Communities? A Case Study of Journalistic Humanizing Techniques in the San Francisco Homeless Project, Journalism Studies, 21:12, 1705-1723, DOI: 10.1080/1461670X.2020.1789495"
13,"Analytics, citizens, consumers, editors, journalism, metrics, roles, survey","Valerie Belair-Gagnon, Rodrigo Zamith & Avery E. Holton (2020) Role Orientations and Audience Metrics in Newsrooms: An Examination of Journalistic Perceptions and their Drivers, Digital Journalism, 8:3, 347-366, DOI: 10.1080/21670811.2019.1709521"
14,"Artistic journalism, aesthetics, professional identity, de-westernising journalism, emotion, creativity","Stijn Postema & Mark Deuze (2020) Artistic Journalism: Confluence in Forms, Values and Practices, Journalism Studies, 21:10, 1305-1322, DOI: 10.1080/1461670X.2020.1745666"
15,"Arts-based research, journalism studies, experientialist methods, complexity, metaphoric analysis, boundary work, methodology, journalism practice","Sander Hölsgens, Saskia de Wildt & Tamara Witschge (2020) Towards an Experientialist Understanding of Journalism: Exploring Arts-based Research for Journalism Studies, Journalism Studies, 21:7, 928-946, DOI: 10.1080/1461670X.2019.1703121"
16,"Asylum, asylum seekers, topics, online news, print, partisanship","Lindsey E. Blumell, Mel Bunce, Glenda Cooper & Christopher McDowell (2020) Refugee and Asylum News Coverage in UK Print and Online Media, Journalism Studies, 21:2, 162-179, DOI: 10.1080/1461670X.2019.1633243"
17,"Audience analytics, digital journalism, newsworthiness, news judgment, survey-embedded experiment, web metrics","Kenza Lamot & Peter Van Aelst (2020) Beaten by Chartbeat?, Journalism Studies, 21:4, 477-493, DOI: 10.1080/1461670X.2019.1686411"
18,"Audience analytics, mobile news, news audiences, news platforms, online news","Jacob L. Nelson (2020) The Persistence of the Popular in Mobile News Consumption, Digital Journalism, 8:1, 87-102, DOI: 10.1080/21670811.2019.1612766"
19,"Audience engagement, behavioural, emotional, metrics, normative, spatiotemporal","Steen Steensen, Raul Ferrer-Conill & Chris Peters (2020) (Against a) Theory of Audience Engagement with News, Journalism Studies, 21:12, 1662-1680, DOI: 10.1080/1461670X.2020.1788414"
20,"Audience engagement, information, journalism, theater, plays, performances","Ori Tenenboim & Natalie Jomini Stroud (2020) Enacted Journalism Takes the Stage: How Audiences Respond to Reporting-Based Theater, Journalism Studies, 21:6, 713-730, DOI: 10.1080/1461670X.2020.1720521"
21,"Audience metrics, local media, online news, paywall, pageviews, unique visitors, business model","Ragnhild Kristine Olsen, Aske Kammer & Mona Kristin Solvoll (2020) Paywalls’ Impact on Local News Websites’ Traffic and Their Civic and Business Implications, Journalism Studies, 21:2, 197-216, DOI: 10.1080/1461670X.2019.1633946"
22,"Audience participation, engagement, meso news-space, news, participatory journalism, platforms, reciprocity","Ori Tenenboim & Neta Kligler-Vilenchik (2020) The Meso News-Space: Engaging with the News between the Public and Private Domains, Digital Journalism, 8:5, 576-585, DOI: 10.1080/21670811.2020.1745657"
23,"Audience reactions, perceived news position, perceived public opinion, user comments","Eun-Ju Lee, Yoon Jae Jang & Myojung Chung (2021) When and How User Comments Affect News Readers’ Personal Opinion: Perceived Public Opinion and Perceived News Position as Mediators, Digital Journalism, 9:1, 42-63, DOI: 10.1080/21670811.2020.1837638"
24,"Audience research, deliberation, journalism, participatory journalism, qualitative research, user comments, letters to the editor","Katherine M. Engelke (2020) Enriching the Conversation: Audience Perspectives on the Deliberative Nature and Potential of User Comments for News Media, Digital Journalism, 8:4, 447-466, DOI: 10.1080/21670811.2019.1680567"
25,"Audience research, online journalism, Latin America, news audience, transnational journalism","Vanessa de Macedo Higgins Joyce & Summer Harlow (2020) Seeking Transnational, Digital-native News From Latin America: An Audience Analysis Through the Lens of Social Capital, Journalism Studies, 21:9, 1200-1219, DOI: 10.1080/1461670X.2020.1734858"
26,"Audience studies, boundary work, quality discourse, anchoring practice, innovation discourse, historical analysis","Irene Costera Meijer (2020) Understanding the Audience Turn in Journalism: From Quality Discourse to Innovation Discourse as Anchoring Practices 1995–2020, Journalism Studies, 21:16, 2326-2342, DOI: 10.1080/1461670X.2020.1847681"
27,"Audience studies, news avoidance, news consumption, qualitative interviews, texto-material perspective, young adults","Tali Aharoni, Neta Kligler-Vilenchik & Keren Tenenboim-Weinblatt (2021) “Be Less of a Slave to the News”: A Texto-Material Perspective on News Avoidance among Young Adults, Journalism Studies, 22:1, 42-59, DOI: 10.1080/1461670X.2020.1852885"
28,"Audience, engagement, gender, homophily, journalists, online harassment, reciprocity, survey","Seth C. Lewis, Rodrigo Zamith & Mark Coddington (2020) Online Harassment and Its Implications for the Journalist–Audience Relationship, Digital Journalism, 8:8, 1047-1067, DOI: 10.1080/21670811.2020.1811743"
29,"Authorship, journalism, objectivity, manipulation, user agency, virtual reality","Radwa Mabrook (2021) Between Journalist Authorship and User Agency: Exploring the Concept of Objectivity in VR Journalism, Journalism Studies, 22:2, 209-224, DOI: 10.1080/1461670X.2020.1813619"
30,"Automated framing analysis, Rohingya crisis, journalism culture, journalism ideology, international event, news media","Hong Tien Vu & Nyan Lynn (2020) When the News Takes Sides: Automated Framing Analysis of News Coverage of the Rohingya Crisis by the Elite Press from Three Countries, Journalism Studies, 21:9, 1284-1304, DOI: 10.1080/1461670X.2020.1745665"
31,"Automation, journalism, news, objectivity, robot news","Edson C. Tandoc Jr., Lim Jia Yao & Shangyuan Wu (2020) Man vs. Machine? The Impact of Algorithm Authorship on News Credibility, Digital Journalism, 8:4, 548-562, DOI: 10.1080/21670811.2020.1762102"
32,"BBC, bias, impartiality, MPs, Twitter, political journalism","Tom Mills, Killian Mullan & Gary Fooks (2021) Impartiality on Platforms: The Politics of BBC Journalists’ Twitter Networks, Journalism Studies, 22:1, 22-41, DOI: 10.1080/1461670X.2020.1852099"
33,"Blame, framing, conflict coverage, asymmetric conflict, peace negotiations, Israeli-Palestinian conflict","Elie Friedman & Alexandra Herfroy-Mischler (2020) The Media Framing of Blame Agency in Asymmetric Conflict: Who is Blaming Whom for the 2014 Israeli-Palestinian Peace Negotiations Failure?, Journalism Studies, 21:13, 1873-1892, DOI: 10.1080/1461670X.2020.1797526"
34,"Boundary work, deviance, right-wing alternative media, intermedia agenda-setting, journalism, populism","Silje Nygaard (2020) Boundary Work: Intermedia Agenda-Setting Between Right-Wing Alternative Media and Professional Journalism, Journalism Studies, 21:6, 766-782, DOI: 10.1080/1461670X.2020.1722731"
35,"Breaking news, discourse, epistemology, epistemic claims, knowledge, justification, live broadcast, online news","Mats Ekström, Amanda Ramsälv & Oscar Westlund (2021) The Epistemologies of Breaking News, Journalism Studies, 22:2, 174-192, DOI: 10.1080/1461670X.2020.1831398"
36,"Business of news, coronavirus, COVID-19, journalism studies, news consumption, pandemic, public engagement, research reflection","Seth C. Lewis (2020) The Objects and Objectives of Journalism Research During the Coronavirus Pandemic and Beyond, Digital Journalism, 8:5, 681-689, DOI: 10.1080/21670811.2020.1773292"
37,"Business of news, economics of news, news production, practice theory, future of journalism, nonprofit news","David Ryfe (2021) The Economics of News and the Practice of News Production, Journalism Studies, 22:1, 60-76, DOI: 10.1080/1461670X.2020.1854619"
38,"Charm, charm offensive, foreign affairs, journalism, international relations, personal magnetism","Julia Sonnevend & Yuval Katz (2020) Capturing Hearts: The Coverage of Iran's Charm Offensive during the 2015 Nuclear Deal Negotiations in the American and Israeli Press, Journalism Studies, 21:11, 1551-1570, DOI: 10.1080/1461670X.2020.1771194"
39,"Chennai floods, citizen journalism, disaster response, Global South, India, mobile phones, social media, witnessing","Subin Paul & Sujatha Sosale (2020) Witnessing a Disaster: Public Use of Digital Technologies in the 2015 South Indian Floods, Digital Journalism, 8:1, 15-31, DOI: 10.1080/21670811.2019.1636693"
40,"China, digital, participant observation, newspaper, routine, sources","Dan Wang & Colin Sparks (2020) Smartphones, Wechat and Paid Content: Journalists and Sources in a Chinese Newspaper, Journalism Studies, 21:1, 37-53, DOI: 10.1080/1461670X.2019.1620115"
41,"China, environmental journalism, China Weekly, investigative journalism, environmental photojournalism, ecological civilisation","Thomas Chase (2020) China Weekly as a Form of Environmental Advocacy Journalism, Journalism Studies, 21:16, 2249-2266, DOI: 10.1080/1461670X.2020.1831400"
42,"Chinese journalism, malleable multiplicity, precarity of identity, state subsidy, ethnography, social media","Dan Wang, Vincent Lei Huang & Steve Zhongshi Guo (2020) Malleable Multiplicity and Power Reliance: Identity Presentation by Chinese Journalists on Social Media, Digital Journalism, 8:10, 1280-1297, DOI: 10.1080/21670811.2020.1832900"
43,"Churnalism, Cypriot journalism, European Union, online journalism, news discourse, journalistic field, political journalism, sociology of news","Dimitris Trimithiotis (2020) The Persistence of Ethnocentric Framing in Online News Coverage of European Politics, Digital Journalism, 8:3, 404-421, DOI: 10.1080/21670811.2019.1598882"
44,"Citizen sources, non-elite sourcing practices, international broadcasting, Russia, China, Iran, news in Spanish","Miriam Hernández & Dani Madrid-Morales (2020) Diversifying Voice, Democratizing the News? A Content Analysis of Citizen News Sources in Spanish-language International Broadcasting, Journalism Studies, 21:8, 1076-1092, DOI: 10.1080/1461670X.2020.1734857"
45,"Citizens, ideological proximity, journalists, media trust","Sergio Splendore & Luigi Curini (2020) Proximity Between Citizens and Journalists as a Determinant of Trust in the Media. An Application to Italy, Journalism Studies, 21:9, 1167-1185, DOI: 10.1080/1461670X.2020.1725601"
46,"Citizens, news, vox populi, personalization, exemplification, journalistic quality","Christina Peter & Thomas Zerback (2020) Ordinary Citizens in the News: A Conceptual Framework, Journalism Studies, 21:8, 1003-1016, DOI: 10.1080/1461670X.2020.1758190"
47,"Code, interpretive community, metajournalistic discourse, newsroom developer, newsroom technologist, open source","Jan Lauren Boyles (2020) Deciphering Code: How Newsroom Developers Communicate Journalistic Labor, Journalism Studies, 21:3, 336-351, DOI: 10.1080/1461670X.2019.1653218"
48,"Codes of ethics, ethical decision-making, interpretations of ethics, journalism ethics, Latvian media, media self-regulation","Ianis Bucholtz (2020) “It Has to Be in One’s Head and Heart”: The Understanding of Journalism Ethics in Latvian Media, Journalism Studies, 21:3, 370-387, DOI: 10.1080/1461670X.2019.1664316"
49,"Collaboration, coordination, innovation, knowledge-based view, technologists, business","Oscar Westlund, Arne H. Krumsvik & Seth C. Lewis (2021) Competition, Change, and Coordination and Collaboration: Tracing News Executives’ Perceptions About Participation in Media Innovation, Journalism Studies, 22:1, 1-21, DOI: 10.1080/1461670X.2020.1835526"
50,"Collaboration, news nonprofits, Philadelphia, solutions journalism, sustainability","Magda Konieczna (2020) The Collaboration Stepladder: How One Organization Built a Solid Foundation for a Community-Focused Cross-newsroom Collaboration, Journalism Studies, 21:6, 802-819, DOI: 10.1080/1461670X.2020.1724182"
51,"Comment fields, content analysis, journalism practice, online newspapers, reader comments, user-generated content","Scott Wright, Daniel Jackson & Todd Graham (2020) When Journalists Go “Below the Line”: Comment Spaces at The Guardian (2006–2017), Journalism Studies, 21:1, 107-126, DOI: 10.1080/1461670X.2019.1632733"
52,"Communal news work, COVID-19, revenue model, public good, state subsidies, advertising, reader revenue","Ragnhild Kristine Olsen, Victor Pickard & Oscar Westlund (2020) Communal News Work: COVID-19 Calls for Collective Funding of Journalism, Digital Journalism, 8:5, 673-680, DOI: 10.1080/21670811.2020.1763186"
53,"Communication infrastructure theory, engaged journalism, local news, community journalism, Report for America, trust","Andrea D. Wenzel, Sam Ford & Efrat Nechushtai (2020) Report for America, Report about Communities: Local News Capacity and Community Trust, Journalism Studies, 21:3, 287-305, DOI: 10.1080/1461670X.2019.1641428"
54,"Community, geography, journalists, locative media, location, spatial journalism","Amy Schmitz Weiss (2020) Journalists and Their Perceptions of Location: Making Meaning in the Community, Journalism Studies, 21:3, 352-369, DOI: 10.1080/1461670X.2019.1664315"
55,"Comparative survey research, Eastern European online journalists‌, journalists, media systems, online journalism, professional ideology, role conceptions, verification, watchdog role","Imke Henkel, Neil Thurman, Judith Möller & Damian Trilling (2020) Do Online, Offline, and Multiplatform Journalists Differ in their Professional Principles and Practices? Findings from a Multinational Study, Journalism Studies, 21:10, 1363-1383, DOI: 10.1080/1461670X.2020.1749111"
56,"Computer-assisted content analysis, political communication, populism, populist communication, broadsheet newspapers, popular newspapers","Michael Hameleers & Rens Vliegenthart (2020) The Rise of a Populist Zeitgeist? A Content Analysis of Populist Media Coverage in Newspapers Published between 1990 and 2017, Journalism Studies, 21:1, 19-36, DOI: 10.1080/1461670X.2019.1620114"
57,"Conceptualization, conceptual assumptions, media diversity, news diversity, normative assumptions, systematic literature review","Glen Joris, Frederik De Grove, Kristin Van Damme & Lieven De Marez (2020) News Diversity Reconsidered: A Systematic Literature Review Unraveling the Diversity in Conceptualizations, Journalism Studies, 21:13, 1893-1912, DOI: 10.1080/1461670X.2020.1797527"
58,"Confirmation bias, news, social network effects, cognitive effects","Rich Ling (2020) Confirmation Bias in the Era of Mobile News Consumption: The Social and Psychological Dimensions, Digital Journalism, 8:5, 596-604, DOI: 10.1080/21670811.2020.1766987"
59,"Content analysis, election news, polls, print news, public opinion, television news","Kathleen Beckers (2020) The Voice of the People in the News: A Content Analysis of Public Opinion Displays in Routine and Election News, Journalism Studies, 21:15, 2078-2095, DOI: 10.1080/1461670X.2020.1809498"
60,"Content analysis, health journalism, news sources, ordinary voices, private citizens","Dawn Wheatley (2020) Victims and Voices: Journalistic Sourcing Practices and the Use of Private Citizens in Online Healthcare-system News, Journalism Studies, 21:8, 1017-1036, DOI: 10.1080/1461670X.2020.1727355"
61,"Content analysis, television news, Switzerland, news issues, ordinary citizens, actor analysis","Anne Beier, Stephanie Fiechtner & Joachim Trebbe (2020) Ordinary Citizens in Swiss Public Television News: Representing a National Public Sphere?, Journalism Studies, 21:8, 1055-1075, DOI: 10.1080/1461670X.2020.1771193"
62,"Corruption, clientelism, media capture, patrimonialism, political economy, sub-Saharan Africa","Hayes Mawindi Mabweazara, Cleophas Taurai Muneri & Faith Ndlovu (2020) News “Media Capture”, Relations of Patronage and Clientelist Practices in Sub-Saharan Africa: An Interpretive Qualitative Analysis, Journalism Studies, 21:15, 2154-2175, DOI: 10.1080/1461670X.2020.1816489"
63,"Crime fiction, genre, journalism, media education, media literacy, media systems, representation, transnational","Patrik Åker & Andrei Rogatchevski (2020) The Journalist as a Detective: The Media Insights and Critique in Post-1991 American, Russian and Swedish Crime Novels, Journalism Studies, 21:5, 582-597, DOI: 10.1080/1461670X.2019.1670718"
64,"Critical discourse analysis, intersectionality, identity, myth, Oscar Pistorius, and South Africa","Margaretha Geertsema-Sligh & Nancy Worthington (2020) News Constructions of South Africa’s Trial of the Century: Identity Discourse in the Steenkamp Shooting and Pistorius Trial, Journalism Studies, 21:15, 2196-2213, DOI: 10.1080/1461670X.2020.1827969"
65,"Data journalism, data journalists, digital journalism, German media landscape, newspapers, public broadcasting, telephone survey, objective reporting","Markus Beiler, Felix Irmer & Adrian Breda (2020) Data Journalism at German Newspapers and Public Broadcasters: A Quantitative Survey of Structures, Contents and Perceptions, Journalism Studies, 21:11, 1571-1589, DOI: 10.1080/1461670X.2020.1772855"
66,"Depression, journalism, natural disaster, posttraumatic stress, trauma, Hurricane Harvey, occupational stress","Gretchen Dworznik-Hoak (2020) Weathering the Storm: Occupational Stress in Journalists Who Covered Hurricane Harvey, Journalism Studies, 21:1, 88-106, DOI: 10.1080/1461670X.2019.1628659"
67,"Digital humanities, Hebrew journals, historical periodicals, nineteenth century, periodical time, topic modeling","Zef M. Segal & Oren Soffer (2020) From Weekly to Daily: Computational Analysis of Periodical Time Cycles, Journalism Studies, 21:14, 1952-1972, DOI: 10.1080/1461670X.2020.1807394"
68,"Digital journalism, ICTs, social media platforms, political communication, AJ+, Al Jazeera, Middle East","Mohamed Zayani (2021) Digital Journalism, Social Media Platforms, and Audience Engagement: The Case of AJ+, Digital Journalism, 9:1, 24-41, DOI: 10.1080/21670811.2020.1816140"
69,"Digital journalism, Instagram, professional practice, norms, professional roles, social media, Twitter","Alfred Hermida & Claudia Mellado (2020) Dimensions of Social Media Logics: Mapping Forms of Journalistic Norms and Practices on Twitter and Instagram, Digital Journalism, 8:7, 864-884, DOI: 10.1080/21670811.2020.1805779"
70,"Digital journalism, attention, commodity, platforms, news organisations, metrics, monetisation","Merja Myllylahti (2020) Paying Attention to Attention: A Conceptual Framework for Studying News Reader Revenue Models Related to Platforms, Digital Journalism, 8:5, 567-575, DOI: 10.1080/21670811.2019.1691926"
71,"Digital journalism, geography, place, placeification, power, space","Robert E. Gutsche, Jr. & Kristy Hess (2020) Placeification: The Transformation of Digital News Spaces into “Places” of Meaning, Digital Journalism, 8:5, 586-595, DOI: 10.1080/21670811.2020.1737557"
72,"Digital journalism, legacy media, media sociology, field theory, normalization process, interviews, journalism and technology","Gregory P. Perreault & Patrick Ferrucci (2020) What Is Digital Journalism? Defining the Practice and Role of the Digital Journalist, Digital Journalism, 8:10, 1298-1316, DOI: 10.1080/21670811.2020.1848442"
73,"Digital journalism, news majors, considered silence, media regulation, India","Vibodh Parthasarathi & Simran Agarwal (2020) Rein and Laissez Faire: The Dual Personality of Media Regulation in India, Digital Journalism, 8:6, 797-819, DOI: 10.1080/21670811.2020.1769493"
74,"Digital journalism, online news, media management, willingness to pay, paying intent, consumer behavior, paid content","Daniel O’Brien, Christian-Mathias Wellbrock & Nicola Kleer (2020) Content for Free? Drivers of Past Payment, Paying Intent and Willingness to Pay for Digital Journalism – A Systematic Literature Review, Digital Journalism, 8:5, 643-672, DOI: 10.1080/21670811.2020.1770112"
75,"Digital mapping, research impact, local news, local journalism, policy development","April Lindgren, Jon Corbett & Jaigris Hodson (2020) Mapping Change in Canada’s Local News Landscape: An Investigation of Research Impact on Public Policy, Digital Journalism, 8:6, 758-779, DOI: 10.1080/21670811.2020.1724516"
76,"Digital subscription, disruptive technology, inferior goods, newspaper circulation, newspaper price, paywall, reader revenue, willingness to pay for online news","Hsiang Iris Chyi & Yee Man Margaret Ng (2020) Still Unwilling to Pay: An Empirical Analysis of 50 U.S. Newspapers’ Digital Subscription Results, Digital Journalism, 8:4, 526-547, DOI: 10.1080/21670811.2020.1732831"
77,"Disabilities, newsroom diversity, occupational roles, socialization, stigma, stutter","Elia Powers (2020) The Journalist's Speech: A Phenomenological Study of Stuttering in the Newsroom, Journalism Studies, 21:9, 1243-1260, DOI: 10.1080/1461670X.2020.1738953"
78,"Discourse, Donald Trump, journalism, news values, presidency, political journalism, textual analysis, textbooks","Perry Parks (2020) The Ultimate News Value: Journalism Textbooks, the U.S. Presidency, and the Normalization of Donald Trump, Journalism Studies, 21:4, 512-529, DOI: 10.1080/1461670X.2019.1686413"
79,"Disinformation, media policy, infodemics, social media, COVID-19, digital social science","Anja Bechmann (2020) Tackling Disinformation and Infodemics Demands Media Policy Changes, Digital Journalism, 8:6, 855-863, DOI: 10.1080/21670811.2020.1773887"
80,"Disinformation, social media, internet platforms, governance, self-regulation","Florian Saurwein & Charlotte Spencer-Smith (2020) Combating Disinformation on Social Media: Multilevel Governance and Distributed Accountability in Europe, Digital Journalism, 8:6, 820-841, DOI: 10.1080/21670811.2020.1765401"
81,"Donald Trump, sexism, voting, 2016 election, Access Hollywood Tape","Jesse H. Rhodes, Elizabeth A. Sharrow, Jill S. Greenlee & Tatishe M. Nteta (2020) Just Locker Room Talk? Explicit Sexism and the Impact of the Access Hollywood Tape on Electoral Support for Donald Trump in 2016, Political Communication, 37:6, 741-767, DOI: 10.1080/10584609.2020.1753867"
82,"EPRDF, Ethiopia, international broadcasting, journalistic autonomy, public diplomacy, USAGM, VOA","Téwodros W. Workneh (2020) Journalistic Autonomy in Voice of America’s Amharic Service: Actors, Deterrents, and Safeguards, Journalism Studies, 21:2, 217-235, DOI: 10.1080/1461670X.2019.1634484"
83,"Election reporting, policy news, elections, Australian journalism, newspapers, political communication","Andrew Gibbons (2020) Crisis of Policy Reporting: Evidence From Australian Election Campaigns, 2001–2013, Journalism Studies, 21:5, 615-635, DOI: 10.1080/1461670X.2019.1697855"
84,"Elite cues, attitude importance, media perceptions, appraisal theory, press freedom, Perceived News Media Importance","Jason T. Peifer (2020) Warring with the Press: The Influence of Elite Hostility, Emotions, and Perceptions of News Media Importance on Support for Journalism, Journalism Studies, 21:13, 1852-1872, DOI: 10.1080/1461670X.2020.1797525"
85,"Emotions, participation, safety, empathy, power","Kristin Skare Orgeret (2020) Discussing Emotions in Digital Journalism, Digital Journalism, 8:2, 292-297, DOI: 10.1080/21670811.2020.1727347"
86,"Entrepreneurial creativity, entrepreneurial intentions, personality traits, social capital, social enterprise","Chaoyun Liang (2020) Exploring Journalists’ Intentions to Become Social Entrepreneurs, Journalism Studies, 21:14, 1933-1951, DOI: 10.1080/1461670X.2020.1799239"
87,"Ethnic newspapers, cognitive mediation model, Spanish-speaking adults, cancer prevention, health maven, serial mediation model","Jakob D. Jensen, Andy J. King, Debora Perez Torres, Melinda Krakow, Kevin Coe & Sean Upshaw (2020) Is News Surveillance Related to Cancer Knowledge in Underserved Adults? Testing Three Versions of the Cognitive Mediation Model, Journalism Studies, 21:9, 1186-1199, DOI: 10.1080/1461670X.2020.1731706"
88,"Exemplars, news, media effects, sources, news quality, human interest","Morten Skovsgaard & David Nicolas Hopmann (2020) Handle with Care: How Exemplars Affect the Perceived Appeal and Informativeness of News Stories, Journalism Studies, 21:8, 1146-1165, DOI: 10.1080/1461670X.2020.1737565"
89,"Experience, news use, news consumption, time spent, temporality, news audiences, audience studies, journalism","Tim Groot Kormelink & Irene Costera Meijer (2020) A User Perspective on Time Spent: Temporal Experiences of Everyday News Use, Journalism Studies, 21:2, 271-286, DOI: 10.1080/1461670X.2019.1639538"
90,"Experience, think-aloud protocol, news use, qualitative interviewing, ethnography, journalism, news consumption, day-in-the-life interview","Tim Groot Kormelink (2020) Seeing, Thinking, Feeling: A Critical Reflection on Interview-based Methods for Studying News Use, Journalism Studies, 21:7, 863-878, DOI: 10.1080/1461670X.2020.1716829"
91,"Experiments, factorial survey, journalism, journalists, multi-level modeling, vignettes","Lukas P. Otto & Isabella Glogger (2020) Expanding the Methodological Toolbox: Factorial Surveys in Journalism Research, Journalism Studies, 21:7, 947-965, DOI: 10.1080/1461670X.2020.1745663"
92,"Experts, sources, policy news, political journalism, elections, Australian politics","Andrew Gibbons (2021) The Loss of Expertise in Campaign Coverage? Political Aficionados and Experts in Policy News, Journalism Studies, 22:2, 137-154, DOI: 10.1080/1461670X.2020.1824587"
93,"Fact-checking, transparency, international comparison, content analysis","Edda Humprecht (2020) How Do They Debunk “Fake News”? A Cross-National Comparison of Transparency in Fact Checks, Digital Journalism, 8:3, 310-327, DOI: 10.1080/21670811.2019.1691031"
94,"Fake news, alternative journalism, interpretive communities, partisanship, mainstream media","Craig T. Robertson & Rachel R. Mourão (2020) Faking Alternative Journalism? An Analysis of Self-Presentations of “Fake News” Sites, Digital Journalism, 8:8, 1011-1029, DOI: 10.1080/21670811.2020.1743193"
95,"Fake news, disinformation, delegitimization, news, journalism, content analysis","Jana Laura Egelhofer, Loes Aaldering, Jakob-Moritz Eberl, Sebastian Galyga & Sophie Lecheler (2020) From Novelty to Normalization? How Journalists Use the Term “Fake News” in their Reporting, Journalism Studies, 21:10, 1323-1343, DOI: 10.1080/1461670X.2020.1745667"
96,"Fake news, disinformation, history of fake news, journalism history, social media","Margaret Van Heekeren (2020) The Curative Effect of Social Media on Fake News: A Historical Re-evaluation, Journalism Studies, 21:3, 306-318, DOI: 10.1080/1461670X.2019.1642136"
97,"Fake news, online news, media credibility, intrinsic need for orientation, Arab countries, Middle East","Justin D. Martin & Fouad Hassan (2020) News Media Credibility Ratings and Perceptions of Online Fake News Exposure in Five Countries, Journalism Studies, 21:16, 2215-2233, DOI: 10.1080/1461670X.2020.1827970"
98,"Feature writing, Pulitzer Prize, stylistics, rhetoric, history, Fahnestock, White, Tufte","Diana Garrisi (2020) Syntax as Meaning: The Stylistic Construction of the Past in American Feature Writing, Journalism Studies, 21:14, 1990-2006, DOI: 10.1080/1461670X.2020.1809492"
99,"Financial journalism, information subsidies, media agenda-building, agenda-setting, journalist co-orientation, automatic content analysis, initial public offerings","Meily M. F. Cheung, Benson S. Y. Lam & Brian M. H. So (2020) Who Leads the IPO News: Agenda-Building and Intermedia Agenda-Setting in a Routinised and Standardised News Context, Journalism Studies, 21:12, 1681-1704, DOI: 10.1080/1461670X.2020.1788974"
100,"Framing, Mars, print newspapers, tone, United Kingdom, United States","Mikayla Mace & Carol B. Schwalbe (2020) From Robots to Humans: Newspaper Coverage of Mars in the United States and the United Kingdom 2011–2016, Journalism Studies, 21:13, 1913-1932, DOI: 10.1080/1461670X.2020.1799238"
101,"Gatekeeping, company news, company characteristics, visibility, tone, news, automated content analysis","Jeroen G.F. Jonkman, Damian Trilling, Piet Verhoeven & Rens Vliegenthart (2020) To Pass or Not to Pass: How Corporate Characteristics Affect Corporate Visibility and Tone in Company News Coverage, Journalism Studies, 21:1, 1-18, DOI: 10.1080/1461670X.2019.1612266"
102,"History of journalism, newswriting style, reporting techniques, editorial practices, medieval merchants, Renaissance diplomacy","Juraj Kittler (2020) “The Pen is so Noble and Excellent an Instrument”: How the Medieval Merchants and Renaissance Diplomats Invented the Newswriting Style, Journalism Studies, 21:10, 1403-1419, DOI: 10.1080/1461670X.2020.1755346"
103,"Homicide, crime themes, newspaper, photojournalism, image, content analysis","Walter Works & Jennifer S. Wong (2020) Using Crime News Reporting Themes to Predict Image Inclusion in Newspaper Homicide Articles, Journalism Studies, 21:4, 425-442, DOI: 10.1080/1461670X.2019.1670719"
104,"Human interest, ordinary people, exemplars, strategic communication, health reporting, source relations, information subsidies","Kjersti Thorbjørnsrud & Espen Ytreberg (2020) A Human Interest Economy: The Strategic Value of Turning Ordinary People into Exemplars in the News Media, Journalism Studies, 21:8, 1093-1108, DOI: 10.1080/1461670X.2020.1720520"
105,"Hybrid media, journalism, digital affordances, video, hyperlinks, Twitter","Emily Harmer & Rosalynd Southern (2020) Is Digital News Really that Digital? An Analysis of How Online News Sites in the UK use Digital Affordances to Enhance Their Reporting, Journalism Studies, 21:16, 2234-2248, DOI: 10.1080/1461670X.2020.1831397"
106,"Immigration, framing analysis, online news, visual framing, visual communication, Latino migrants","Umberto Famulari (2020) Framing the Trump Administration’s “Zero Tolerance” Policy: A Quantitative Content Analysis of News Stories and Visuals in US News Websites, Journalism Studies, 21:16, 2267-2284, DOI: 10.1080/1461670X.2020.1832141"
107,"Incidental news exposure, news use, social media, trust in news, political interest","Nadine Strauß, Brigitte Huber & Homero Gil de Zúñiga (2020) “Yes, I Saw It – But Didn’t Read It…” A Cross-Country Study, Exploring Relationships between Incidental News Exposure and News Use across Platforms, Digital Journalism, 8:9, 1181-1205, DOI: 10.1080/21670811.2020.1832130"
108,"Incidental news, news consumption, news diversity, mixed methods research, mobile news, MobileDNA, serendipity, social recommendations","Kristin Van Damme, Marijn Martens, Sarah Van Leuven, Mariek Vanden Abeele & Lieven De Marez (2020) Mapping the Mobile DNA of News. Understanding Incidental and Serendipitous Mobile News Consumption, Digital Journalism, 8:1, 49-68, DOI: 10.1080/21670811.2019.1655461"
109,"Information security, fourth estate, journalists, sources, surveillance, digital security, technology, protection","Jennifer R. Henrichsen (2020) Breaking Through the Ambivalence: Journalistic Responses to Information Security Technologies, Digital Journalism, 8:3, 328-346, DOI: 10.1080/21670811.2019.1653207"
110,"Information security, freelance, beat, security culture","Masashi Crete-Nishihata, Joshua Oliver, Christopher Parsons, Dawn Walker, Lokman Tsui & Ronald Deibert (2020) The Information Security Cultures of Journalism, Digital Journalism, 8:8, 1068-1091, DOI: 10.1080/21670811.2020.1777882"
111,"Innovation, journalism, news, literature review, digital journalism, sociology of news","Valerie Belair-Gagnon & Allison J. Steinke (2020) Capturing Digital News Innovation Research in Organizations, 1990–2018, Journalism Studies, 21:12, 1724-1743, DOI: 10.1080/1461670X.2020.1789496"
112,"Innovative learning culture, newsroom culture, newspapers, creativity, resilience, newsroom innovation, newsroom transformation, innovation capacity","Ornella Porcu, Liesbeth Hermans & Marcel Broersma (2020) Unlocking the Newsroom: Measuring Journalists’ Perceptions of Innovative Learning Culture, Journalism Studies, 21:10, 1420-1438, DOI: 10.1080/1461670X.2020.1758956"
113,"Institutional myth, legitimacy, discursive journalistic authority, attacks on the press, fake news, Trump and the press, journalistic responses, metajournalistic discourse","Michael Koliska, Kalyani Chadha & Alison Burns (2020) Talking Back: Journalists Defending Attacks Against their Profession in the Trump Era, Journalism Studies, 21:11, 1496-1513, DOI: 10.1080/1461670X.2020.1763190"
114,"International comparison, content analysis, news coverage, key events, immigration, refugees","Thomas Zerback, Carsten Reinemann, Peter Van Aelst & Andrea Masini (2020) Was Lampedusa a key Event for Immigration News? An Analysis of the Effects of the Lampedusa Disaster on Immigration Coverage in Germany, Belgium, and Italy, Journalism Studies, 21:6, 748-765, DOI: 10.1080/1461670X.2020.1722730"
115,"Internships, journalism, work-integrated learning, inclusion, university-led WIL, journalism studies","Faith Valencia-Forrester (2020) Models of Work-Integrated Learning in Journalism Education, Journalism Studies, 21:5, 697-712, DOI: 10.1080/1461670X.2020.1719875"
116,"Investigative journalism, accountability, impacts, political agenda-setting, collaborative journalism, Panama Papers","Magda Konieczna & Lucas Graves (2020) “Everything Just Went Apeshit”: Revisiting the “Mobilization Model” of Journalistic Impact, Journalism Studies, 21:16, 2343-2359, DOI: 10.1080/1461670X.2020.1852098"
117,"Islamist terrorism, terrorism news, differentiation, actors, news sources‌, Muslims","Jörg Matthes, Ruta Kaskeleviciute, Desirée Schmuck, Christian von Sikorski, Claudia Klobasa, Helena Knupfer & Melanie Saumer (2020) Who Differentiates between Muslims and Islamist Terrorists in Terrorism News Coverage? An Actor-based Approach, Journalism Studies, 21:15, 2135-2153, DOI: 10.1080/1461670X.2020.1812422"
118,"Journalism studies, methodology, practice theory, routines, news practices, news sources","Zvi Reich & Aviv Barnoy (2020) How News Become “News” in Increasingly Complex Ecosystems: Summarizing Almost Two Decades of Newsmaking Reconstructions, Journalism Studies, 21:7, 966-983, DOI: 10.1080/1461670X.2020.1716830"
119,"Journalism, democracy, public debate, Fourth Estate, journalistic roles, framing, contestation, news media","Marie Garnier, Margit van Wessel, Peter A. Tamás & Severine van Bommel (2020) The Chick Diffusion: How Newspapers Fail to Meet Normative Expectations Regarding Their Democratic Role in Public Debate, Journalism Studies, 21:5, 636-658, DOI: 10.1080/1461670X.2019.1707705"
120,"Journalism, journalism redundancies, layoffs, job loss, management, emotions, news industry, precarious work","Matthew Ricketson, Andrew Dodd, Lawrie Zion & Monika Winarnita (2020) “Like Being Shot in the Face” or “I’m Glad I’m Out”: Journalists’ Experiences of Job Loss in the Australian Media Industry 2012–2014, Journalism Studies, 21:1, 54-71, DOI: 10.1080/1461670X.2019.1627899"
121,"Journalism, media regulation, media policy, digital platforms","Philip M. Napoli (2020) Connecting Journalism and Public Policy: New Concerns and Continuing Challenges, Digital Journalism, 8:6, 691-703, DOI: 10.1080/21670811.2020.1775104"
122,"Journalism, modernization, multiple modernities, paradigm repair, Mexico, transitional journalism","Víctor Hugo Reyna, Martín Echeverría & Rubén Arnoldo González (2020) Beyond Exogenous Models: Mexican Journalism’s Modernization in its Own Terms, Journalism Studies, 21:13, 1815-1835, DOI: 10.1080/1461670X.2020.1796765"
123,"Journalism, news audiences, sentiment analysis, solutions journalism, survey, Montgomery Advertiser, community journalism","Kyser Lough & Karen McIntyre (2021) Transitioning to Solutions Journalism: One Newsroom's Shift to Solutions-focused Reporting, Journalism Studies, 22:2, 193-208, DOI: 10.1080/1461670X.2020.1843065"
124,"Journalism, news, network, ethnography, media ecologies, mixed methods, qualitative, quantitative","Sue Robinson & C. W. Anderson (2020) Network Ethnography in Journalism Studies: A Mixed-Method Approach to Studying Media Ecologies, Journalism Studies, 21:7, 984-1001, DOI: 10.1080/1461670X.2020.1720519"
125,"Journalism, political journalism, boundary work, paradigm repair, interviews, Australian journalism, US journalism, journalistic authority","Stephanie Brookes (2020) “There’s Just Way More Places Operating in the Same Space”: Competition and Boundary Work in Australian and United States Political Journalism, Journalism Studies, 21:3, 319-335, DOI: 10.1080/1461670X.2019.1644190"
126,"Journalism, social media, WhatsApp, content analysis, survey","Karin Boczek & Lars Koppers (2020) What’s New about Whatsapp for News? A Mixed-Method Study on News Outlets’ Strategies for Using WhatsApp, Digital Journalism, 8:1, 126-144, DOI: 10.1080/21670811.2019.1692685"
127,"Journalism, suicide reports, Werther effect, media guidelines, responsible reporting on suicide, qualitative interviews","Antonia Markiewitz, Florian Arendt & Sebastian Scherr (2020) Increasing Adherence to Media Guidelines on Responsible Reporting on Suicide: Suggestions from Qualitative Interviews with German Journalists, Journalism Studies, 21:4, 494-511, DOI: 10.1080/1461670X.2019.1686412"
128,"Journalist interactions, social capital, social media, digital democracy, journalism studies, political communication","Matthew Barnidge, Will Heath, Jiehua Zhang & Ryan Broussard (2020) Business as Usual? A Social Capital Approach to Understanding Interactions with Journalists on Twitter, Journalism Studies, 21:3, 406-424, DOI: 10.1080/1461670X.2019.1670091"
129,"Journalistic authority, norms & routines, journalistic professionalism, press-government relations, editorials, content analysis","Regina G. Lawrence & Young Eun Moon (2021) “We Aren’t Fake News”: The Information Politics of the 2018 #FreePress Editorial Campaign, Journalism Studies, 22:2, 155-173, DOI: 10.1080/1461670X.2020.1831399"
130,"Journalistic performance, journalistic norms, survey, transparency, trust, trustworthiness","Michael Karlsson (2020) Dispersing the Opacity of Transparency in Journalism on the Appeal of Different Forms of Transparency to the General Public, Journalism Studies, 21:13, 1795-1814, DOI: 10.1080/1461670X.2020.1790028"
131,"Journalistic translation, journalism history, early newspapers and translation, news agencies and translation, interdisciplinarity","Roberto A. Valdeón (2020) On the Interface Between Journalism and Translation Studies: A Historical Overview and Suggestions for Collaborative Research, Journalism Studies, 21:12, 1644-1661, DOI: 10.1080/1461670X.2020.1788413"
132,"Journalists, newswork, reporting, knowledge brokering, news media, use of research evidence","Nicole Gesualdo, Matthew S. Weber & Itzhak Yanovitzky (2020) Journalists as Knowledge Brokers, Journalism Studies, 21:1, 127-143, DOI: 10.1080/1461670X.2019.1632734"
133,"Journalists, role conception, audience, expectations, representative survey, comparison","Wiebke Loosen, Julius Reimer & Sascha Hölig (2020) What Journalists Want and What They Ought to Do (In)Congruences Between Journalists’ Role Conceptions and Audiences’ Expectations, Journalism Studies, 21:12, 1744-1774, DOI: 10.1080/1461670X.2020.1790026"
134,"Journalists’ Facebook use, role conception, newsroom routines, socialist-communist media system","Hong Tien Vu, Le Thanh Trieu & Hoa Thanh Nguyen (2020) Routinizing Facebook: How Journalists’ Role Conceptions Influence their Social Media Use for Professional Purposes in a Socialist-Communist Country, Digital Journalism, 8:7, 885-903, DOI: 10.1080/21670811.2020.1770111"
135,"Letters to the editor, public discourse, tabloid newspapers, public opinion, elections, content analysis","Lore Hayek, Manuel Mayrl & Uta Russmann (2020) The Citizen as Contributor—Letters to the Editor in the Austrian Tabloid Paper Kronen Zeitung (2008–2017), Journalism Studies, 21:8, 1127-1145, DOI: 10.1080/1461670X.2019.1702476"
136,"Listening, media and marginalisation, news values, Royal Commission into institutional Responses to child sexual abuse, media monitoring, media scandal, hierarchies of attention","Lisa Waller, Tanja Dreher, Kristy Hess, Kerry McCallum & Eli Skogerbø (2020) Media Hierarchies of Attention: News Values and Australia’s Royal Commission into Institutional Responses to Child Sexual Abuse, Journalism Studies, 21:2, 180-196, DOI: 10.1080/1461670X.2019.1633244"
137,"Local elections, candidate evaluations‌, local news, news resources, sheriff elections, content analysis","Lindsey Meeks (2020) Undercovered, Underinformed: Local News, Local Elections, and U.S. Sheriffs, Journalism Studies, 21:12, 1609-1626, DOI: 10.1080/1461670X.2020.1781546"
138,"Local journalism, public policy, public funding of journalism, case study, archival research, Kingdon","Sarah Stonbely, Matthew S. Weber & Christopher Satullo (2020) Innovation in Public Funding for Local Journalism: A Case Study of New Jersey’s 2018 Civic Information Bill, Digital Journalism, 8:6, 740-757, DOI: 10.1080/21670811.2020.1749102"
139,"Local media, newspapers, interviews, quality journalism, comparative, Europe","Joy Jenkins & Rasmus Kleis Nielsen (2020) Proximity, Public Service, and Popularity: A Comparative Study of How Local Journalists View Quality News, Journalism Studies, 21:2, 236-253, DOI: 10.1080/1461670X.2019.1636704"
140,"Local news, local news organizations, paying behaviour, financial state, content creation, engagement","Manuel Goyanes (2020) Why Do Citizens Pay for Online Political News and Public Affairs? Socio-psychological Antecedents of Local News Paying Behaviour, Journalism Studies, 21:4, 547-563, DOI: 10.1080/1461670X.2019.1694429"
141,"Media diversity, systematic review, interdisciplinary work, pluralism","Felicia Loecherbach, Judith Moeller, Damian Trilling & Wouter van Atteveldt (2020) The Unified Framework of Media Diversity: A Systematic Literature Review, Digital Journalism, 8:5, 605-642, DOI: 10.1080/21670811.2020.1764374"
142,"Media framing, nuclear energy, frame analysis, journalism, Dutch media, climate change","Mirjam Vossen (2020) Nuclear Energy in the Context of Climate Change: A Frame Analysis of the Dutch Print Media, Journalism Studies, 21:10, 1439-1458, DOI: 10.1080/1461670X.2020.1760730"
143,"Media markets, media repertoires, digital journalism, Twitter, social network analysis, online news, social media","Adrian Rauchfleisch, Daniel Vogler & Mark Eisenegger (2020) Transnational News Sharing on Social Media: Measuring and Analysing Twitter News Media Repertoires of Domestic and Foreign Audience Communities, Digital Journalism, 8:9, 1206-1230, DOI: 10.1080/21670811.2020.1835511"
144,"Media policy, future of journalism, public media, political economy","Victor Pickard (2020) Restructuring Democratic Infrastructures: A Policy Approach to the Journalism Crisis, Digital Journalism, 8:6, 704-719, DOI: 10.1080/21670811.2020.1733433"
145,"Media roles, conflict, Northern Ireland, communitarianism, peace journalism, NGOs, information subsidies","Charis Rice & Maureen Taylor (2020) “Reconciliation Isn’t Sexy”: Perceptions of News Media in Post-Conflict Northern Ireland, Journalism Studies, 21:6, 820-837, DOI: 10.1080/1461670X.2020.1724183"
146,"Media, Spanish-language, racial attitudes, Hispanics, Whites, social identity","Joshua P. Darr, Brittany N. Perry, Johanna L. Dunaway & Mingxiao Sui (2020) Seeing Spanish: The Effects of Language-Based Media Choices on Resentment and Belonging, Political Communication, 37:4, 488-511, DOI: 10.1080/10584609.2020.1713268"
147,"Mediated public connection, local media, convergence, fragmentation, audiences, digital journalism, local democracy, network analysis","Ragnhild Kristine Olsen (2020) Connecting People? Understanding Media’s Role as Democratic Resources for People in Digitally Advanced Local Environments, Digital Journalism, 8:4, 506-525, DOI: 10.1080/21670811.2019.1679029"
148,"Metajournalistic discourse, undercover journalism, deception, subterfuge, virtue and utilitarian ethics, political economy","Sylvester Senyo Ofori-Parku & Kwaku Botwe (2020) “This is (Not) Journalism”: Corruption, Subterfuge, and Metajournalistic Discourses on Undercover Journalism in Ghana, Journalism Studies, 21:3, 388-405, DOI: 10.1080/1461670X.2019.1664928"
149,"Mobile ethnography, mobile journalism, mobile news, news alert, news consumption, push notification, value creation","Leena Mäkelä, Mika Boedeker & Nina Helander (2020) Value Emergence in the Usage of Mobile News Alerts, Digital Journalism, 8:1, 69-86, DOI: 10.1080/21670811.2019.1654899"
150,"Mobile news, mobile journalism, mobilities, smartphones, apps","Gerard Goggin (2020) Digital Journalism after Mobility, Digital Journalism, 8:1, 170-173, DOI: 10.1080/21670811.2019.1711434"
151,"Mobile news, social media news, news effects, political knowledge, campaign participation","Jakob Ohme (2020) Mobile but Not Mobilized? Differential Gains from Mobile News Consumption for Citizens’ Political Knowledge and Campaign Participation, Digital Journalism, 8:1, 103-125, DOI: 10.1080/21670811.2019.1697625"
152,"Mobile technology, mobilities, mobile journalism, digital journalism, journalism education, labor","Matthew N. Bui & Rachel E. Moran (2020) Making the 21st Century Mobile Journalist: Examining Definitions and Conceptualizations of Mobility and Mobile Journalism within Journalism Education, Digital Journalism, 8:1, 145-163, DOI: 10.1080/21670811.2019.1664926"
153,"Mobile, alerts, smartphone, push notifications, passive learning, incidental exposure","Natalie Jomini Stroud, Cynthia Peacock & Alexander L. Curry (2020) The Effects of Mobile Push Notifications on News Consumption and Learning, Digital Journalism, 8:1, 32-48, DOI: 10.1080/21670811.2019.1655462"
154,"Mobile, smartphone, news, production, consumption, time, space, ritual, sustainability","Leopoldina Fortunati & John O’Sullivan (2020) Understanding Mobile News: Looking beyond the Lockscreen, Digital Journalism, 8:1, 164-169, DOI: 10.1080/21670811.2019.1709522"
155,"Mobilities, smartphones, MoJos, epistemology, liquidity, fluidity, news, journalism","Andrew Duffy, Rich Ling, Nuri Kim, Edson Tandoc Jr. & Oscar Westlund (2020) News: Mobiles, Mobilities and Their Meeting Points, Digital Journalism, 8:1, 1-14, DOI: 10.1080/21670811.2020.1712220"
156,"Moderation, incivility, comments, machine heuristic, news bias, credibility","Sai Wang (2021) Moderating Uncivil User Comments by Humans or Machines? The Effects of Moderation Agent on Perceptions of Bias and Credibility in News Content, Digital Journalism, 9:1, 64-83, DOI: 10.1080/21670811.2020.1851279"
157,"Moderation, user comments, online journalism, dark participation","Florian Wintterlin, Tim Schatto-Eckrodt, Lena Frischlich, Svenja Boberg & Thorsten Quandt (2020) How to Cope with Dark Participation: Moderation Practices in German Newsrooms, Digital Journalism, 8:7, 904-924, DOI: 10.1080/21670811.2020.1797519"
158,"Networked public sphere, alternative media, far-right, topic modeling, election, alt-right","Jonas Kaiser, Adrian Rauchfleisch & Nikki Bourassa (2020) Connecting the (Far-)Right Dots: A Topic Modeling and Hyperlink Analysis of (Far-)Right Media Coverage during the US Elections 2016, Digital Journalism, 8:3, 422-441, DOI: 10.1080/21670811.2019.1682629"
159,"News avoidance, news consumption, media trust, news overload, media preferences, opportunity structures, inadvertent audiences","Morten Skovsgaard & Kim Andersen (2020) Conceptualizing News Avoidance: Towards a Shared Understanding of Different Causes and Potential Solutions, Journalism Studies, 21:4, 459-476, DOI: 10.1080/1461670X.2019.1686410"
160,"News avoidance, news consumption, watchdog journalism, political efficacy, in-depth interviews, qualitative audience research","Ruth Palmer, Benjamin Toff & Rasmus Kleis Nielsen (2020) “The Media Covers Up a Lot of Things”: Watchdog Ideals Meet Folk Theories of Journalism, Journalism Studies, 21:14, 1973-1989, DOI: 10.1080/1461670X.2020.1808516"
161,"News consumption, community participation, local news, national news, civic journalism","Esther Thorson, Weiyue Chen & Stephen Lacy (2020) National and Local News Consumption and Indices of Community Participation in an American Civic-Journalism News Environment, Journalism Studies, 21:4, 443-458, DOI: 10.1080/1461670X.2019.1672576"
162,"News diversity, content analysis, media concentration, newsroom ethnography, media studies, newsroom innovation","Jonathan Hendrickx (2020) Trying to Survive While Eroding News Diversity: Legacy News Media’s Catch-22, Journalism Studies, 21:5, 598-614, DOI: 10.1080/1461670X.2019.1694430"
163,"News domestication, Indian newspapers, #MeToo, women’s movement, #MeTooIndia, localization, hashtag activism","Suman Mishra (2020) From #MeToo to #MeTooIndia: News Domestication in Indian English Language Newspapers, Journalism Studies, 21:5, 659-677, DOI: 10.1080/1461670X.2019.1709882"
164,"News engagement, news interaction, pathways to news, secondary data analysis, social media, online news","Yoonmo Sang, Jee Young Lee, Sora Park, Caroline Fisher & Glen Fuller (2020) Signalling and Expressive Interaction: Online News Users’ Different Modes of Interaction on Digital Platforms, Digital Journalism, 8:4, 467-485, DOI: 10.1080/21670811.2020.1743194"
165,"News events, text mining, word embeddings, unsupervised machine learning, network clustering","Damian Trilling & Marieke van Hoof (2020) Between Article and Topic: News Events as Level of Analysis and Their Computational Identification, Digital Journalism, 8:10, 1317-1337, DOI: 10.1080/21670811.2020.1839352"
166,"News feed, algorithms, consumptive curation, social media, Facebook, social cognitive theory","Shuning Lu (2020) Taming the News Feed on Facebook: Understanding Consumptive News Feed Curation through a Social Cognitive Perspective, Digital Journalism, 8:9, 1163-1180, DOI: 10.1080/21670811.2020.1837639"
167,"News framing, dominant frames, news events, evidence, diachronic analysis, qualitative analysis, negotiation of frames","Christian Baden & Katsiaryna Stalpouskaya (2020) Maintenance of News Frames: How US, British and Russian News Made Sense of Unfolding Events in the Syrian Chemical Weapons Crisis, Journalism Studies, 21:16, 2305-2325, DOI: 10.1080/1461670X.2020.1843066"
168,"News media ecology, information infrastructure, platforms, Facebook, journalism, interviews, structural topic modelling, mixed methods","Kjerstin Thorson, Mel Medeiros, Kelley Cotter, Yingying Chen, Kourtnie Rodgers, Arram Bae & Sevgi Baykaldi (2020) Platform Civics: Facebook in the Local Information Infrastructure, Digital Journalism, 8:10, 1231-1257, DOI: 10.1080/21670811.2020.1842776"
169,"News media, media concentration, editorial cooperation, news agencies, content analysis, automated text comparison","Daniel Vogler, Linards Udris & Mark Eisenegger (2020) Measuring Media Content Concentration at a Large Scale Using Automated Text Comparisons, Journalism Studies, 21:11, 1459-1478, DOI: 10.1080/1461670X.2020.1761865"
170,"News personalisation, agency, trust, utility, focus groups, grounded theory, personal curation, privacy","Cristina Monzer, Judith Moeller, Natali Helberger & Sarah Eskens (2020) User Perspectives on the News Personalisation Process: Agency, Trust and Utility as Building Blocks, Digital Journalism, 8:9, 1142-1162, DOI: 10.1080/21670811.2020.1773291"
171,"News quality, news evaluation, computational journalism, journalistic value, news consumption, text mining, artificial neural network","Sujin Choi, Hyopil Shin & Seung-Shik Kang (2021) Predicting Audience-Rated News Quality: Using Survey, Text Mining, and Neural Network Methods, Digital Journalism, 9:1, 84-105, DOI: 10.1080/21670811.2020.1842777"
172,"News sharing, news diffusion, partisan media, Facebook, social media, moral framing, moral foundations theory","Weiai Wayne Xu, Yoonmo Sang & Christopher Kim (2020) What Drives Hyper-Partisan News Sharing: Exploring the Role of Source, Style, and Content, Digital Journalism, 8:4, 486-505, DOI: 10.1080/21670811.2020.1761264"
173,"News sharing, polarization, gatekeeping, social media, Brazil","Natalia Aruguete, Ernesto Calvo & Tiago Ventura (2021) News Sharing, Gatekeeping, and Polarization: A Study of the #Bolsonaro Election, Digital Journalism, 9:1, 1-23, DOI: 10.1080/21670811.2020.1852094"
174,"News, fear, sensationalism, crisis, automated content analysis, longitudinal analysis","Valerie Hase, Katherine M. Engelke & Kimon Kieslich (2020) The Things We Fear. Combining Automated and Manual Content Analysis to Uncover Themes, Topics and Threats in Fear-Related News, Journalism Studies, 21:10, 1384-1402, DOI: 10.1080/1461670X.2020.1753092"
175,"News, sharing, gift-giving, social media, audience, phatic news","Andrew Duffy & Rich Ling (2020) The Gift of News: Phatic News Sharing on Social Media for Social Cohesion, Journalism Studies, 21:1, 72-87, DOI: 10.1080/1461670X.2019.1627900"
176,"Newsbots, human machine communication, Twitter, social bots, news engagement, news comments","Diego Gómez-Zará & Nicholas Diakopoulos (2020) Characterizing Communication Patterns between Audiences and Newsbots, Digital Journalism, 8:9, 1093-1113, DOI: 10.1080/21670811.2020.1816485"
177,"Newspaper, narrative, quotes, credibility, engagement, realism","Kobie van Krieken (2020) Do Reconstructive and Attributive Quotes in News Narratives Influence Engagement, Credibility and Realism?, Journalism Studies, 21:2, 145-161, DOI: 10.1080/1461670X.2019.1632735"
178,"Newsroom innovation, newsroom ethnography, journalism studies, media sociology, news diversity, organizational change","Jonathan Hendrickx & Ike Picone (2020) Innovation Beyond the Buzzwords: The Rocky Road Towardsa Digital First-based Newsroom, Journalism Studies, 21:14, 2025-2041, DOI: 10.1080/1461670X.2020.1809494"
179,"Nudges, social norms, survey experiment, false news, fake news, social media, disinformation, misinformation","Simge Andı & Jesper Akesson (2021) Nudging Away False News: Evidence from a Social Norms Experiment, Digital Journalism, 9:1, 106-125, DOI: 10.1080/21670811.2020.1847674"
180,"Online comments, public discourse, online journalism, field theory","J. David Wolfgang, Stephen McConnell & Hayley Blackburn (2020) Commenters as a Threat to Journalism? How Comment Moderators Perceive the Role of the Audience, Digital Journalism, 8:7, 925-944, DOI: 10.1080/21670811.2020.1802319"
181,"Online news consumption, Digital journalism, News user journeys, Web usage mining, sequential data, Markov chains","Susan Vermeer & Damian Trilling (2020) Toward a Better Understanding of News User Journeys: A Markov Chain Approach, Journalism Studies, 21:7, 879-894, DOI: 10.1080/1461670X.2020.1722958"
182,"Online news consumption, social media, political news, entertainment news, Markov chains, supervised machine learning","Susan Vermeer, Damian Trilling, Sanne Kruikemeier & Claes de Vreese (2020) Online News User Journeys: The Role of Social Media, News Websites, and Topics, Digital Journalism, 8:9, 1114-1141, DOI: 10.1080/21670811.2020.1767509"
183,"Online rumor, agenda setting, intermedia agenda setting, online news, social media, content analysis, time series analysis","Lei Guo & Yiyan Zhang (2020) Information Flow Within and Across Online Media Platforms: An Agenda-setting Analysis of Rumor Diffusion on News Websites, Weibo, and WeChat in China, Journalism Studies, 21:15, 2176-2195, DOI: 10.1080/1461670X.2020.1827012"
184,"Ordinary people, news subjects, transgender, trans, LGBTQ, journalist–source relations","Katherine Fink & Ruth Palmer (2020) “We Have to Stand Out to Blend In”: Ordinary Transgender People Speak About Being Subjects of News Stories, Journalism Studies, 21:8, 1109-1126, DOI: 10.1080/1461670X.2019.1699851"
185,"Photojournalism, identity, in-depth interviews, media sociology, professionalism, media ethics","Patrick Ferrucci, Ross Taylor & Kathleen I. Alaimo (2020) On the Boundaries: Professional Photojournalists Navigating Identity in an Age of Technological Democratization, Digital Journalism, 8:3, 367-385, DOI: 10.1080/21670811.2020.1732830"
186,"Policy preferences, elite influence, de-polarization, leader endorsement, party labels","Eduardo Levy Yeyati, Lorena Moscovich & Constanza Abuin (2020) Leader over Policy? The Scope of Elite Influence on Policy Preferences, Political Communication, 37:3, 398-422, DOI: 10.1080/10584609.2019.1698681"
187,"Political news, journalistic news, social media, social endorsements, selective exposure, news use, political interest, ecological validity","Jakob Ohme & Cornelia Mothes (2020) What Affects First- and Second-Level Selective Exposure to Journalistic News? A Social Media Online Experiment, Journalism Studies, 21:9, 1220-1242, DOI: 10.1080/1461670X.2020.1735490"
188,"Precarious professionalism, precarity, journalism, newswork, job instability, corruption, harassment","Julian Matthews & Kelechi Onyemaobi (2020) Precarious Professionalism: Journalism and the Fragility of Professional Practice in the Global South, Journalism Studies, 21:13, 1836-1851, DOI: 10.1080/1461670X.2020.1797524"
189,"Print newspapers, newspaper reading, news consumption, materiality, journalism, audiences","Pablo J. Boczkowski, Eugenia Mitchelstein & Facundo Suenzo (2020) The Smells, Sights, and Pleasures of Ink on Paper: The Consumption of Print Newspapers During a Period Marked by Their Crisis, Journalism Studies, 21:5, 565-581, DOI: 10.1080/1461670X.2019.1670092"
190,"Public service media, cultural citizenship, social media, Twitter, diversity, sports journalism, sportswomen, disability","José Luis Rojas-Torrijos & Xavier Ramon (2021) Exploring Agenda Diversity in European Public Service Media Sports Desks: A Comparative Study of Underrepresented Disciplines, Sportswomen and Disabled Athletes’ Coverage on Twitter, Journalism Studies, 22:2, 225-242, DOI: 10.1080/1461670X.2020.1809497"
191,"Radio, impact, women’s empowerment, Niger, radio journalism, gender equality","Emma Heywood (2020) Radio Journalism and Women's Empowerment in Niger, Journalism Studies, 21:10, 1344-1362, DOI: 10.1080/1461670X.2020.1745668"
192,"Right to be forgotten, digital journalism, GDPR, digital media, unpublishing requests, freedom of expression, news editors, media policy","Marko Milosavljević, Melita Poler & Rok Čeferin (2020) In the Name of the Right to be Forgotten: New Legal and Policy Issues and Practices regarding Unpublishing Requests in Slovenian Online News Media, Digital Journalism, 8:6, 780-796, DOI: 10.1080/21670811.2020.1747942"
193,"Safety of journalists, press censorship, online trolling, digital hate","Silvio Waisbord (2020) Mob Censorship: Online Harassment of US Journalists in Times of Digital Hate and Populism, Digital Journalism, 8:8, 1030-1046, DOI: 10.1080/21670811.2020.1818111"
194,"Satire, infotainment, comedy, interview studies, political humor, hybridity","Joonas Koivukoski & Sara Ödmark (2020) Producing Journalistic News Satire: How Nordic Satirists Negotiate a Hybrid Genre, Journalism Studies, 21:6, 731-747, DOI: 10.1080/1461670X.2020.1720522"
195,"Smartphones, mobile news, credibility, press freedom, press systems, Asia","Ran Wei, Ven-Hwei Lo, Katherine Yi-Ning Chen, Edson Tandoc & Guoliang Zhang (2020) Press Systems, Freedom of the Press and Credibility: A Comparative Analysis of Mobile News in Four Asian Cities, Journalism Studies, 21:4, 530-546, DOI: 10.1080/1461670X.2019.1691937"
196,"Social media platforms, regulation, Europe, opinion power, pluralism","Natali Helberger (2020) The Political Power of Platforms: How Current Attempts to Regulate Misinformation Amplify Opinion Power, Digital Journalism, 8:6, 842-854, DOI: 10.1080/21670811.2020.1773888"
197,"Social media, norm, objectivity, journalist, news, friending, following, news, structural equation modeling, two-group model","Jayeon Lee (2020) “Friending” Journalists on Social Media: Effects on Perceived Objectivity and Intention to Consume News, Journalism Studies, 21:15, 2096-2112, DOI: 10.1080/1461670X.2020.1810102"
198,"Social media, platforms, Twitter, Instagram, professional identity, professional roles, digital self","Claudia Mellado & Amaranta Alfaro (2020) Platforms, Journalists and Their Digital Selves, Digital Journalism, 8:10, 1258-1279, DOI: 10.1080/21670811.2020.1817763"
199,"Social media, political news and information, news sources, elections, junk news, US 2016 election, state of the union address","Samantha Bradshaw, Philip N. Howard, Bence Kollanyi & Lisa-Maria Neudert (2020) Sourcing and Automation of Political News and Information over Social Media in the United States, 2016-2018, Political Communication, 37:2, 173-193, DOI: 10.1080/10584609.2019.1663322"
200,"Sources, Health news, Strategic communication, News media, Interest groups, Lobbyism, Alliances","Nanna Alida G. Fredheim (2021) Dancing in the Dark: Source Coordination and Strategic Media Alliances in the Health Field, Journalism Studies, 22:1, 96-113, DOI: 10.1080/1461670X.2020.1861475"
201,"Sourcing, fragmentation, cable news, health care, climate change, social network analysis","Bethany Anne Conway-Silva, Jennifer N. Ervin & Kate Kenski (2020) “Reliable Sources” in Cable News: Analyzing Network Fragmentation in Coverage of Reform Policy, Journalism Studies, 21:6, 838-856, DOI: 10.1080/1461670X.2020.1724184"
202,"Sports media, field theory, interviews, Bourdieu, habitus, capital","Ryan Broussard (2020) “Stick to Sports” is Gone: A Field Theory Analysis of Sports Journalists’ Coverage of Socio-political Issues, Journalism Studies, 21:12, 1627-1643, DOI: 10.1080/1461670X.2020.1785323"
203,"Sports media, homophobia, representation, journalism, sport, employment, workplace","Rory Magrath (2020) “Progress … Slowly, but Surely”: The Sports Media Workplace, Gay Sports Journalists, and LGBT Media Representation in Sport, Journalism Studies, 21:2, 254-270, DOI: 10.1080/1461670X.2019.1639537"
204,"State aid, public interest journalism, digitization, market failure, public policy","Paul Clemens Murschetz (2020) State Aid for Independent News Journalism in the Public Interest? A Critical Debate of Government Funding Models and Principles, the Market Failure Paradigm, and Policy Efficacy, Digital Journalism, 8:6, 720-739, DOI: 10.1080/21670811.2020.1732227"
205,"The Athletic, sports journalism, niche gratification, digital journalism, news processes and norms, qualitative","Nicholas R. Buzzelli, Patrick Gentile, Andrew C. Billings & Sean R. Sadri (2020) Poaching the News Producers: The Athletic's Effect on Sports in Hometown Newspapers, Journalism Studies, 21:11, 1514-1530, DOI: 10.1080/1461670X.2020.1763191"
206,"Twitter, cultural artefact, content analysis, social class, newspaper, UK","Christine Hine (2020) The Evolution and Diversification of Twitter as a Cultural Artefact in the British Press 2007–2014, Journalism Studies, 21:5, 678-696, DOI: 10.1080/1461670X.2020.1719369"
207,"Twitter, social media, disinformation, Internet Research Agency","Darren L. Linvill & Patrick L. Warren (2020) Troll Factories: Manufacturing Specialized Disinformation on Twitter, Political Communication, 37:4, 447-467, DOI: 10.1080/10584609.2020.1718257"
208,"UK press, economic news, experts, expertise, fiscal policy, corpus linguistics","Catherine Walsh (2020) Constructing Experts Without Expertise: Fiscal Reporting in the British Press, 2010–2016, Journalism Studies, 21:15, 2059-2077, DOI: 10.1080/1461670X.2020.1809496"
209,"User comments, credibility, interactive moderation, media criticism, online news, experiment, counter-speech","Teresa K. Naab, Dominique Heinbach, Marc Ziegele & Marie-Theres Grasberger (2020) Comments and Credibility: How Critical User Comments Decrease Perceived News Article Credibility, Journalism Studies, 21:6, 783-801, DOI: 10.1080/1461670X.2020.1724181"
210,"Viernes Negros, journalism, independence, RTVE, social movement, feminist protest","Manuel Goyanes, Martín Vaz-Álvarez, Francisco Campos-Freire & Márton Demeter (2020) Journalists’ Empowerment Through Protest in the Newsroom and Beyond: How the Viernes Negros Movement Reshaped the Independence of the Spanish Public Television, Journalism Studies, 21:14, 2042-2057, DOI: 10.1080/1461670X.2020.1809495"
211,"Vox pops, citizens, exemplars, news sources, comparative television news research, content analysis, television news, public opinion","Knut De Swert & Ine Kuypers (2020) Ordinary People Regularly Reported? Looking for Patterns in the Presence of Ordinary Citizens in Television News in 20 European Countries, Journalism Studies, 21:8, 1037-1054, DOI: 10.1080/1461670X.2020.1745664"
212,"Whistleblowing, hacking, journalism, accountability, transparency, boundaries","Colin Porlezza & Philip Di Salvo (2020) The Accountability and Transparency of Whistleblowing Platforms Issues of Networked Journalism and Contested Boundaries, Journalism Studies, 21:16, 2285-2304, DOI: 10.1080/1461670X.2020.1842233"
213,"Women, journalism, newsroom culture, blokishness, masculinities, UK","Martina Topić & Carmen Bruegmann (2021) “The Girls at the Desk”: Timeless Blokishness in the Newsroom Culture in the British Press?, Journalism Studies, 22:1, 77-95, DOI: 10.1080/1461670X.2020.1854620"
214,"Women, news, journalism, financial reporting, economic reporting, financial literacy","Sophie Knowles (2020) Women, the Economy and the News: Undeserved and underrepresented?, Journalism Studies, 21:11, 1479-1495, DOI: 10.1080/1461670X.2020.1762241"
215,"affective polarization, intergroup contact, intergroup hostility, partisanship, partisans","Magdalena Wojcieszak & Benjamin R. Warner (2020) Can Interparty Contact Reduce Affective Polarization? A Systematic Test of Different Forms of Intergroup Contact, Political Communication, 37:6, 789-811, DOI: 10.1080/10584609.2020.1760406"
216,"amyotrophic lateral sclerosis (ALS), digital journalism, emotional appeals, health communication, news values, shareworthiness, social media","Danielle K. Kilgo, Kyser Lough & Martin J. Riedl (2020) Emotional appeals and news values as factors of shareworthiness in Ice Bucket Challenge coverage, Digital Journalism, 8:2, 267-286, DOI: 10.1080/21670811.2017.1387501"
217,"automated text analysis, reliability, validation, Monte Carlo simulations","Hyunjin Song, Petro Tolochko, Jakob-Moritz Eberl, Olga Eisele, Esther Greussing, Tobias Heidenreich, Fabienne Lind, Sebastian Galyga & Hajo G. Boomgaarden (2020) In Validations We Trust? The Impact of Imperfect Human Annotations as a Gold Standard on the Quality of Validation of Automated Content Analysis, Political Communication, 37:4, 550-572, DOI: 10.1080/10584609.2020.1723752"
218,"campaign pledges, negativity bias, mass media, political communication, quantitative text analysis","Stefan Müller (2020) Media Coverage of Campaign Promises Throughout the Electoral Cycle, Political Communication, 37:5, 696-718, DOI: 10.1080/10584609.2020.1744779"
219,"citizens’ political talk, deliberative democracy, deliberative system, public sphere, social networks","Rüdiger Schmitt-Beck & Christiane Grill (2020) From the Living Room to the Meeting Hall? Citizens’ Political Talk in the Deliberative System, Political Communication, 37:6, 832-851, DOI: 10.1080/10584609.2020.1760974"
220,"collective fear, diasporic media, digital news, emotional news, subaltern counterpublic","Sheng Zou (2020) EMOTIONAL NEWS, EMOTIONAL COUNTERPUBLIC, Digital Journalism, 8:2, 229-248, DOI: 10.1080/21670811.2018.1476167"
221,"comments, exemplification, MAIN model, online news, warranting value","T. Franklin Waddell (2020) The Authentic (And Angry) Audience, Digital Journalism, 8:2, 249-266, DOI: 10.1080/21670811.2018.1490656"
222,"disinformation, Alt-right, 4chan, tactics, media manipulation","P. M. Krafft & Joan Donovan (2020) Disinformation by Design: The Use of Evidence Collages and Platform Filtering in a Media Manipulation Campaign, Political Communication, 37:2, 194-214, DOI: 10.1080/10584609.2019.1686094"
223,"disinformation, US-Russia relations, social media, time series, propaganda","Josephine Lukito (2020) Coordinating a Multi-Platform Disinformation Campaign: Internet Research Agency Activity on Three U.S. Social Media Platforms, 2015 to 2017, Political Communication, 37:2, 238-255, DOI: 10.1080/10584609.2019.1661889"
224,"disinformation, astroturfing, election campaign, propaganda, social media","Franziska B. Keller, David Schoch, Sebastian Stier & JungHwan Yang (2020) Political Astroturfing on Twitter: How to Coordinate a Disinformation Campaign, Political Communication, 37:2, 256-280, DOI: 10.1080/10584609.2019.1661888"
225,"disinformation, fact checkers, media trust, media credibility, misinformation, visual communication","Michael Hameleers, Thomas E. Powell, Toni G.L.A. Van Der Meer & Lieke Bos (2020) A Picture Paints a Thousand Lies? The Effects and Mechanisms of Multimodal Disinformation and Rebuttals Disseminated via Social Media, Political Communication, 37:2, 281-301, DOI: 10.1080/10584609.2019.1674979"
226,"empathy, immersive journalism, journalism ethics, media philosophy, virtual reality, 360 video","Ana Luisa Sánchez Laws (2020) Can Immersive Journalism Enhance Empathy?, Digital Journalism, 8:2, 213-228, DOI: 10.1080/21670811.2017.1389286"
227,"expert consensus, journalism, mass media, media bias, science communication, text analysis","Eric Merkley (2020) Are Experts (News)Worthy? Balance, Conflict, and Mass Media Coverage of Expert Consensus, Political Communication, 37:4, 530-549, DOI: 10.1080/10584609.2020.1713269"
228,"framing effects, political values, attitude formation, motivated reasoning, political communication effects","Johannes Kaiser (2020) Disentangling the Effects of Thematic Information and Emphasis Frames and the Suppression of Issue-Specific Argument Effects through Value-Resonant Framing, Political Communication, 37:1, 1-19, DOI: 10.1080/10584609.2019.1658662"
229,"incivility, political conflict, cynicism, participation, cross-national experiment","Lukas P. Otto, Sophie Lecheler & Andreas R.T. Schuck (2020) Is Context the Key? The (Non-)Differential Effects of Mediated Incivility in Three European Countries, Political Communication, 37:1, 88-107, DOI: 10.1080/10584609.2019.1663324"
230,"issue ownership, political parties, position, competence, commitment, negative campaigning","Jonas Lefevere, Henrik Bech Seeberg & Stefaan Walgrave (2020) Negatively Affecting Voters’ Issue Considerations. An Experimental Study of Parties’ Attack Communication, Political Communication, 37:6, 812-831, DOI: 10.1080/10584609.2020.1760407"
231,"journalism innovation, methods, qualitative, quantitative, interdisciplinary, multi-method","Sophie Lecheler, Yael de Haan & Sanne Kruikemeier (2020) Introduction to the Special Issue: Meeting the Digital Demand through a Multi-Perspective Methodological Approach, Journalism Studies, 21:7, 857-862, DOI: 10.1080/1461670X.2020.1752290"
232,"media bias, gatekeeping bias, coverage bias, statement bias, presidential election, Iran, online journalism, social media, Telegram","Saied Reza Ameli & Hamideh Molaei (2020) Election Journalism: Investigating Media Bias on Telegram during the 2017 Presidential Election in Iran, Digital Journalism, 8:8, 975-991, DOI: 10.1080/21670811.2020.1777881"
233,"media effects, self-selection, experiment, political knowledge, knowledge gaps","Thomas J. Leeper (2020) Raising the Floor or Closing the Gap? How Media Choice and Media Content Impact Political Knowledge, Political Communication, 37:5, 719-740, DOI: 10.1080/10584609.2020.1753866"
234,"meta-analysis, fact-checking, misinformation, correction, motivated reasoning","Nathan Walter, Jonathan Cohen, R. Lance Holbert & Yasmin Morag (2020) Fact-Checking: A Meta-Analysis of What Works and for Whom, Political Communication, 37:3, 350-375, DOI: 10.1080/10584609.2019.1668894"
235,"misperception, social exclusion, social influence, motivated reasoning, politics","R. Kelly Garrett, Daniel Sude & Paolo Riva (2020) Toeing the Party Lie: Ostracism Promotes Endorsement of Partisan Election Falsehoods, Political Communication, 37:2, 157-172, DOI: 10.1080/10584609.2019.1666943"
236,"online disinformation, institutional mistrust, voting behavior, panel data, structural equation modeling","Fabian Zimmermann & Matthias Kohring (2020) Mistrust, Disinforming News, and Vote Choice: A Panel Survey on the Origins and Consequences of Believing Disinformation in the 2017 German Parliamentary Election, Political Communication, 37:2, 215-237, DOI: 10.1080/10584609.2019.1686095"
237,"online media, media economics, Clickbait Media","Kevin Munger (2020) All the News That’s Fit to Click: The Economics of Clickbait Media, Political Communication, 37:3, 376-397, DOI: 10.1080/10584609.2019.1687626"
238,"online news, intermedia agenda setting, fake news, rumor, China, time series analysis","Lei Guo (2020) China’s “Fake News” Problem: Exploring the Spread of Online Rumors in the Government-Controlled News Media, Digital Journalism, 8:8, 992-1010, DOI: 10.1080/21670811.2020.1766986"
239,"partisan media, reinforcing spirals, media effects","Jay D. Hmielowski, Myiah J. Hutchens & Michael A. Beam (2020) Asymmetry of Partisan Media Effects?: Examining the Reinforcing Process of Conservative and Liberal Media with Political Beliefs, Political Communication, 37:6, 852-868, DOI: 10.1080/10584609.2020.1763525"
240,"political campaigning, data campaigning, digital politics, big data, microtargeting","Jessica Baldwin-Philippi (2020) Data Ops, Objectivity, and Outsiders: Journalistic Coverage of Data Campaigning, Political Communication, 37:4, 468-487, DOI: 10.1080/10584609.2020.1723751"
241,"political incivility, simplistic argumentation, experimental design, political trust, persuasion","Ine Goovaerts & Sofie Marien (2020) Uncivil Communication and Simplistic Argumentation: Decreasing Political Trust, Increasing Persuasive Power?, Political Communication, 37:6, 768-788, DOI: 10.1080/10584609.2020.1753868"
242,"political knowledge, party communication, Spitzenkandidaten, European Parliament elections","Sebastian Adrian Popa, Zoltán Fazekas, Daniela Braun & Melanie-Marita Leidecker-Sandmann (2020) Informing the Public: How Party Communication Builds Opportunity Structures, Political Communication, 37:3, 329-349, DOI: 10.1080/10584609.2019.1666942"
243,"political sophistication, political misinformation, motivated reasoning","Federico Vegetti & Moreno Mancosu (2020) The Impact of Political Sophistication and Motivated Reasoning on Misinformation, Political Communication, 37:5, 678-695, DOI: 10.1080/10584609.2020.1744778"
244,"political talk, listening, deliberation, dialogue, intergroup communication, imagined interactions, intergroup contact theory","William P. Eveland Jr., Kathryn D. Coduto, Osei Appiah & Olivia M. Bullock (2020) Listening During Political Conversations: Traits and Situations, Political Communication, 37:5, 656-677, DOI: 10.1080/10584609.2020.1736701"
245,"populist communication, cognitive priming, affective priming, stereotypes, comparative research, experiment","Michael Hameleers & Nayla Fawzi (2020) Widening the Divide between Them and Us? The Effects of Populist Communication on Cognitive and Affective Stereotyping in a Comparative European Setting, Political Communication, 37:5, 612-634, DOI: 10.1080/10584609.2020.1723754"
246,"presumed media influence, media perceptions, radicalization, propaganda","Philip Baugut & Katharina Neumann (2020) Describing Perceptions of Media Influence among Radicalized Individuals: The Case of Jihadists and Non-Violent Islamists, Political Communication, 37:1, 65-87, DOI: 10.1080/10584609.2019.1663323"
247,"race, voting, heuristics, campaigns, elections","Adam J. Berinsky, Justin de Benedictis-Kessner, Megan E. Goldberg & Michele F. Margolis (2020) The Effect of Associative Racial Cues in Elections, Political Communication, 37:4, 512-529, DOI: 10.1080/10584609.2020.1723750"
248,"refugees, immigration, public opinion, media","Rita Nassar (2020) Framing Refugees: The Impact of Religious Frames on U.S. Partisans and Consumers of Cable News Media, Political Communication, 37:5, 593-611, DOI: 10.1080/10584609.2020.1723753"
249,"right-wing populism, Muslims, experiment, perceived discrimination, collective action, long-term effects","Desirée Schmuck & Miriam Tribastone (2020) Muslims Take Action. How Exposure to Anti-Islamic Populist Political Messages Affects Young Muslims’ Support for Collective Action: A Longitudinal Experiment, Political Communication, 37:5, 635-655, DOI: 10.1080/10584609.2020.1736700"
250,"right-wing populism, social media, selective exposure, anti-immigrant attitudes, anti-elitist attitudes, emotions, content analysis, panel study","Raffael Heiss & Jörg Matthes (2020) Stuck in a Nativist Spiral: Content, Selection, and Effects of Right-Wing Populists’ Communication on Facebook, Political Communication, 37:3, 303-328, DOI: 10.1080/10584609.2019.1661890"
251,"social media, algorithms, political news, online experiments, newsfeed","Yotam Shmargad & Samara Klar (2020) Sorting the News: How Ranking by Popularity Polarizes Our Politics, Political Communication, 37:3, 423-446, DOI: 10.1080/10584609.2020.1713267"
252,"social media, partisan polarization, trust in government","Elad Klein & Joshua Robison (2020) Like, Post, and Distrust? How Social Media Use Affects Trust in Government, Political Communication, 37:1, 46-64, DOI: 10.1080/10584609.2019.1661891"
253,"supervised machine learning, computational methods, big data, content analysis, digital methods, predictive modeling","Frederik De Grove, Kristof Boghe & Lieven De Marez (2020) (What) Can Journalism Studies Learn from Supervised Machine Learning?, Journalism Studies, 21:7, 912-927, DOI: 10.1080/1461670X.2020.1743737"
254,"verbal attacks against media, text analysis, Latin American politics, measurement, media freedom, Venezuela","Jonathan A. Solis & Iñaki Sagarzazu (2020) The Media Smells like Sulfur!!! Leaders and Verbal Attacks against the Fourth Estate in Unconsolidated Democracies, Political Communication, 37:1, 20-45, DOI: 10.1080/10584609.2019.1660440"
255,"virtual reality, digitality, journalism, empathy","Robert Hassan (2020) DIGITALITY, VIRTUAL REALITY AND THE ‘EMPATHY MACHINE’, Digital Journalism, 8:2, 195-212, DOI: 10.1080/21670811.2018.1517604"
