county,municipal,census,base_estimate,c2010,c2011,c2012,c2013,c2014,c2015,c2016,c2017,c2018,c2019
 Atlantic County , Absecon city ,"8,411","8,498","8,496","8,487","8,462","8,436","8,372","8,279","8,178","8,144","8,393","8,818"
 Atlantic County , Atlantic City city ,"39,558","39,552","39,533","39,483","39,385","39,457","39,167","38,676","38,204","37,797","37,594","37,743"
 Atlantic County , Brigantine city ,"9,450","9,450","9,446","9,422","9,398","9,331","9,196","9,065","8,916","8,814","8,716","8,650"
 Atlantic County , Buena borough ,"4,603","4,605","4,606","4,591","4,577","4,549","4,511","4,468","4,399","4,360","4,325","4,284"
 Atlantic County , Buena Vista township ,"7,570","7,560","7,564","7,562","7,554","7,518","7,473","7,384","7,341","7,295","7,259","7,215"
 Atlantic County , Corbin City city ,492,498,498,499,500,503,501,490,498,498,494,491
 Atlantic County , Egg Harbor township ,"43,323","43,420","43,523","43,603","43,736","43,756","43,606","43,307","42,922","42,661","42,439","42,249"
 Atlantic County , Egg Harbor City city ,"4,243","4,247","4,248","4,246","4,229","4,214","4,219","4,180","4,128","4,099","4,073","4,052"
 Atlantic County , Estell Manor city ,"1,735","1,753","1,749","1,744","1,751","1,749","1,740","1,723","1,711","1,708","1,715","1,729"
 Atlantic County , Folsom borough ,"1,885","1,887","1,885","1,882","1,866","1,854","1,841","1,825","1,803","1,789","1,781","1,775"
 Atlantic County , Galloway township ,"37,349","37,241","37,228","37,212","37,137","37,269","37,043","36,672","36,273","35,996","35,785","35,618"
 Atlantic County , Hamilton township ,"26,503","26,498","26,590","26,702","26,789","26,768","26,652","26,398","26,140","25,980","25,628","25,746"
 Atlantic County , Hammonton town ,"14,791","14,771","14,760","14,718","14,671","14,642","14,539","14,384","14,219","14,116","14,013","13,934"
 Atlantic County , Linwood city ,"7,092","7,091","7,088","7,069","7,045","7,020","6,958","6,869","6,800","6,742","6,700","6,658"
 Atlantic County , Longport borough ,895,895,894,889,889,880,871,872,864,861,853,851
 Atlantic County , Margate City city ,"6,354","6,354","6,353","6,346","6,315","6,267","6,200","6,143","6,058","5,982","5,927","5,865"
 Atlantic County , Mullica township ,"6,147","6,147","6,142","6,153","6,152","6,123","6,085","6,008","5,956","5,923","5,892","5,856"
 Atlantic County , Northfield city ,"8,624","8,524","8,515","8,511","8,488","8,455","8,389","8,299","8,201","8,129","8,077","8,031"
 Atlantic County , Pleasantville city ,"20,249","20,272","20,284","20,267","20,503","20,428","20,297","20,462","20,228","20,403","20,259","20,149"
 Atlantic County , Port Republic city ,"1,115","1,119","1,118","1,116","1,113","1,108","1,100","1,087","1,073","1,066","1,056","1,052"
 Atlantic County , Somers Point city ,"10,795","10,795","10,790","10,786","10,770","10,733","10,651","10,528","10,399","10,306","10,229","10,174"
 Atlantic County , Ventnor City city ,"10,650","10,650","10,642","10,624","10,591","10,549","10,466","10,329","10,175","10,070","9,984","9,895"
 Atlantic County , Weymouth township ,"2,715","2,698","2,696","2,709","2,708","2,705","2,701","2,705","2,731","2,759","2,797","2,835"
 Bergen County , Allendale borough ,"6,505","6,505","6,515","6,585","6,625","6,686","6,711","6,734","6,773","6,791","6,765","6,734"
 Bergen County , Alpine borough ,"1,849","1,818","1,820","1,831","1,855","1,860","1,849","1,850","1,848","1,859","1,852","1,844"
 Bergen County , Bergenfield borough ,"26,764","26,839","26,867","27,037","27,195","27,267","27,299","27,338","27,322","27,455","27,384","27,327"
 Bergen County , Bogota borough ,"8,187","8,176","8,185","8,234","8,228","8,250","8,261","8,280","8,399","8,415","8,376","8,335"
 Bergen County , Carlstadt borough ,"6,127","6,125","6,127","6,161","6,173","6,187","6,186","6,195","6,175","6,207","6,165","6,132"
 Bergen County , Cliffside Park borough ,"23,594","23,565","23,617","23,754","24,319","24,390","24,415","24,502","24,544","24,667","25,772","26,133"
 Bergen County , Closter borough ,"8,373","8,415","8,425","8,477","8,547","8,582","8,591","8,592","8,602","8,618","8,547","8,511"
 Bergen County , Cresskill borough ,"8,573","8,534","8,547","8,597","8,621","8,652","8,658","8,672","8,656","8,766","8,722","8,668"
 Bergen County , Demarest borough ,"4,881","4,895","4,930","4,971","4,976","4,998","4,990","4,999","4,955","4,961","4,924","4,894"
 Bergen County , Dumont borough ,"17,479","17,392","17,412","17,517","17,567","17,613","17,638","17,678","17,650","17,683","17,612","17,516"
 Bergen County , East Rutherford borough ,"8,913","8,913","8,923","8,971","8,985","9,005","9,020","9,045","9,739","9,760","9,724","9,687"
 Bergen County , Edgewater borough ,"11,513","11,516","11,529","11,623","11,658","11,880","12,255","11,882","11,903","12,158","12,667","13,364"
 Bergen County , Elmwood Park borough ,"19,403","19,488","19,513","19,625","19,683","20,031","20,064","20,101","20,078","20,118","20,038","19,966"
 Bergen County , Emerson borough ,"7,401","7,386","7,394","7,490","7,519","7,555","7,565","7,585","7,582","7,613","7,613","7,596"
 Bergen County , Englewood city ,"27,147","27,116","27,140","27,291","27,671","27,744","28,083","28,157","28,116","28,617","28,512","28,402"
 Bergen County , Englewood Cliffs borough ,"5,281","5,310","5,324","5,353","5,357","5,371","5,370","5,363","5,346","5,364","5,366","5,354"
 Bergen County , Fair Lawn borough ,"32,457","32,385","32,425","32,618","32,754","32,846","32,894","33,089","33,043","33,112","32,990","32,896"
 Bergen County , Fairview borough ,"13,835","13,835","13,862","13,989","14,026","14,131","14,252","14,262","14,248","14,286","14,241","14,189"
 Bergen County , Fort Lee borough ,"35,345","35,433","35,508","35,727","35,870","36,202","36,242","36,292","37,186","37,316","37,796","38,605"
 Bergen County , Franklin Lakes borough ,"10,590","10,579","10,594","10,671","10,695","10,730","10,762","10,746","10,720","11,058","11,047","11,119"
 Bergen County , Garfield city ,"30,487","30,494","30,542","30,714","30,887","31,047","31,232","31,395","31,503","31,848","31,735","31,802"
 Bergen County , Glen Rock borough ,"11,601","11,581","11,597","11,663","11,693","11,738","11,801","11,822","11,792","11,829","11,777","11,707"
 Bergen County , Hackensack city ,"43,010","43,024","43,068","43,303","43,407","43,512","44,181","44,281","44,257","44,518","44,354","44,188"
 Bergen County , Harrington Park borough ,"4,664","4,668","4,673","4,710","4,723","4,738","4,748","4,764","4,751","4,766","4,744","4,730"
 Bergen County , Hasbrouck Heights borough ,"11,842","11,887","11,901","11,979","12,012","12,054","12,087","12,114","12,087","12,115","12,053","11,992"
 Bergen County , Haworth borough ,"3,382","3,374","3,378","3,404","3,401","3,416","3,415","3,417","3,414","3,430","3,414","3,393"
 Bergen County , Hillsdale borough ,"10,219","10,184","10,193","10,247","10,316","10,344","10,355","10,379","10,365","10,382","10,344","10,307"
 Bergen County , Ho-Ho-Kus borough ,"4,078","4,084","4,086","4,113","4,116","4,110","4,118","4,117","4,099","4,118","4,096","4,065"
 Bergen County , Leonia borough ,"8,937","8,944","8,954","9,010","9,038","9,059","9,071","9,097","9,086","9,105","9,073","9,035"
 Bergen County , Little Ferry borough ,"10,626","10,638","10,650","10,720","10,755","10,786","10,796","10,826","10,802","10,819","10,777","10,739"
 Bergen County , Lodi borough ,"24,136","24,091","24,123","24,253","24,321","24,395","24,417","24,467","24,432","24,492","24,428","24,347"
 Bergen County , Lyndhurst township ,"20,554","20,554","20,573","20,708","20,769","20,808","21,483","21,993","21,973","22,043","22,485","22,918"
 Bergen County , Mahwah township ,"25,890","25,883","25,912","26,055","26,144","26,203","26,227","26,278","26,259","26,353","26,281","26,200"
 Bergen County , Maywood borough ,"9,555","9,549","9,552","9,568","9,600","9,643","9,654","9,671","9,664","9,687","9,654","9,614"
 Bergen County , Midland Park borough ,"7,128","7,154","7,162","7,204","7,225","7,244","7,244","7,260","7,251","7,278","7,247","7,216"
 Bergen County , Montvale borough ,"7,844","7,844","7,861","7,946","8,057","8,128","8,216","8,332","8,408","8,576","8,565","8,570"
 Bergen County , Moonachie borough ,"2,708","2,690","2,693","2,706","2,709","2,703","2,707","2,721","2,717","2,722","2,714","2,702"
 Bergen County , New Milford borough ,"16,341","16,347","16,366","16,453","16,499","16,534","16,539","16,591","16,568","16,592","16,495","16,429"
 Bergen County , North Arlington borough ,"15,392","15,392","15,412","15,534","15,596","15,638","15,659","15,697","15,680","15,738","15,676","15,683"
 Bergen County , Northvale borough ,"4,640","4,623","4,634","4,667","4,683","4,730","4,731","4,779","4,866","4,893","4,902","4,927"
 Bergen County , Norwood borough ,"5,711","5,730","5,736","5,763","5,784","5,792","5,798","5,815","5,803","5,811","5,806","5,793"
 Bergen County , Oakland borough ,"12,754","12,753","12,770","12,836","12,880","12,925","12,957","12,995","12,975","13,001","12,966","12,926"
 Bergen County , Old Tappan borough ,"5,750","5,744","5,745","5,811","5,833","5,875","5,894","5,931","5,925","5,933","5,922","5,894"
 Bergen County , Oradell borough ,"7,978","7,978","7,987","8,034","8,053","8,083","8,088","8,112","8,122","8,174","8,160","8,131"
 Bergen County , Palisades Park borough ,"19,622","19,589","19,612","19,784","20,041","20,299","20,336","20,439","20,485","20,610","20,719","20,715"
 Bergen County , Paramus borough ,"26,342","26,342","26,362","26,485","26,547","26,592","26,594","26,647","26,585","26,595","26,454","26,264"
 Bergen County , Park Ridge borough ,"8,645","8,656","8,663","8,713","8,745","8,765","8,794","8,811","8,798","8,796","8,755","8,694"
 Bergen County , Ramsey borough ,"14,473","14,521","14,553","14,668","14,756","14,851","14,892","14,955","14,940","14,986","14,931","14,884"
 Bergen County , Ridgefield borough ,"11,032","11,041","11,054","11,124","11,166","11,199","11,209","11,234","11,236","11,254","11,221","11,171"
 Bergen County , Ridgefield Park village ,"12,729","12,722","12,737","12,814","12,850","12,885","12,897","12,924","12,904","12,931","12,955","12,901"
 Bergen County , Ridgewood village ,"24,958","24,951","24,977","25,097","25,147","25,199","25,208","25,282","25,232","25,258","25,164","25,056"
 Bergen County , River Edge borough ,"11,340","11,340","11,353","11,420","11,449","11,480","11,490","11,517","11,509","11,525","11,483","11,435"
 Bergen County , River Vale township ,"9,659","9,658","9,677","9,737","9,784","9,818","9,862","9,901","10,027","10,049","10,015","9,984"
 Bergen County , Rochelle Park township ,"5,530","5,526","5,532","5,556","5,574","5,585","5,595","5,607","5,599","5,607","5,592","5,569"
 Bergen County , Rockleigh borough ,531,531,531,525,528,530,527,530,530,530,532,529
 Bergen County , Rutherford borough ,"18,061","18,061","18,081","18,181","18,224","18,284","18,312","18,451","18,417","18,468","18,386","18,303"
 Bergen County , Saddle Brook township ,"13,659","13,658","13,686","13,774","13,823","13,860","13,877","13,913","13,902","13,928","13,876","13,562"
 Bergen County , Saddle River borough ,"3,152","3,151","3,162","3,197","3,218","3,219","3,212","3,212","3,202","3,208","3,181","3,173"
 Bergen County , South Hackensack township ,"2,378","2,380","2,380","2,394","2,412","2,424","2,430","2,435","2,429","2,450","2,446","2,435"
 Bergen County , Teaneck township ,"39,776","39,760","39,808","40,065","40,173","40,262","40,315","40,415","40,525","40,617","40,449","40,284"
 Bergen County , Tenafly borough ,"14,488","14,513","14,538","14,638","14,702","14,726","14,732","14,712","14,684","14,661","14,584","14,453"
 Bergen County , Teterboro borough ,67,67,67,67,68,68,68,68,68,68,68,68
 Bergen County , Upper Saddle River borough ,"8,208","8,163","8,169","8,218","8,238","8,248","8,208","8,224","8,226","8,268","8,236","8,205"
 Bergen County , Waldwick borough ,"9,625","9,573","9,587","9,654","9,712","9,757","9,790","9,898","9,882","9,895","10,157","10,108"
 Bergen County , Wallington borough ,"11,335","11,335","11,346","11,436","11,468","11,510","11,533","11,564","11,550","11,581","11,543","11,495"
 Bergen County , Washington township ,"9,102","9,127","9,127","9,178","9,209","9,236","9,257","9,279","9,253","9,243","9,215","9,176"
 Bergen County , Westwood borough ,"10,908","10,928","10,952","11,019","11,050","11,074","11,094","11,122","11,102","11,135","11,111","11,078"
 Bergen County , Woodcliff Lake borough ,"5,730","5,720","5,724","5,748","5,767","5,762","5,781","5,838","5,820","5,802","5,843","5,839"
 Bergen County , Wood-Ridge borough ,"7,626","7,628","7,637","7,684","7,835","7,848","7,854","8,143","8,498","8,865","9,121","9,294"
 Bergen County , Wyckoff township ,"16,696","16,731","16,744","16,895","16,944","16,985","17,013","17,054","17,033","17,043","16,998","16,947"
 Burlington County , Bass River township ,"1,443","1,445","1,446","1,444","1,442","1,441","1,439","1,440","1,432","1,427","1,421","1,416"
 Burlington County , Beverly city ,"2,577","2,546","2,547","2,544","2,550","2,535","2,528","2,513","2,495","2,484","2,481","2,479"
 Burlington County , Bordentown city ,"3,924","3,917","3,921","3,912","3,913","3,890","3,881","3,851","3,830","3,811","3,796","3,792"
 Burlington County , Bordentown township ,"11,367","11,380","11,395","11,347","11,349","11,347","11,536","11,797","12,163","12,044","11,932","11,914"
 Burlington County , Burlington city ,"9,920","9,937","9,941","9,919","9,912","9,859","9,821","9,765","9,818","9,778","9,873","9,858"
 Burlington County , Burlington township ,"22,594","22,569","22,589","22,566","22,540","22,528","22,534","22,661","22,620","22,554","22,497","22,594"
 Burlington County , Chesterfield township ,"7,699","7,653","7,721","7,783","7,653","7,745","7,664","7,516","7,440","7,451","7,574","7,573"
 Burlington County , Cinnaminson township ,"15,569","15,562","15,587","15,913","16,358","16,438","16,549","16,542","16,445","16,395","16,351","16,342"
 Burlington County , Delanco township ,"4,283","4,268","4,281","4,513","4,506","4,529","4,523","4,498","4,466","4,451","4,437","4,430"
 Burlington County , Delran township ,"16,896","16,925","16,935","16,934","16,912","16,815","16,794","16,692","16,565","16,520","16,502","16,492"
 Burlington County , Eastampton township ,"6,069","6,072","6,041","6,041","6,045","6,028","6,014","5,977","5,933","5,910","5,942","6,144"
 Burlington County , Edgewater Park township ,"8,881","8,911","8,915","8,903","8,893","8,842","8,817","8,763","8,708","8,687","8,664","8,647"
 Burlington County , Evesham township ,"45,538","45,534","45,555","45,731","45,717","45,505","45,481","45,303","45,095","45,045","45,009","45,188"
 Burlington County , Fieldsboro borough ,540,545,543,542,539,536,537,533,530,528,538,552
 Burlington County , Florence township ,"12,109","12,122","12,130","12,375","12,595","12,574","12,615","12,622","12,594","12,591","12,526","12,486"
 Burlington County , Hainesport township ,"6,110","6,129","6,134","6,140","6,136","6,096","6,080","6,035","6,040","6,022","5,996","5,976"
 Burlington County , Lumberton township ,"12,559","12,544","12,552","12,534","12,515","12,446","12,411","12,337","12,253","12,214","12,191","12,192"
 Burlington County , Mansfield township ,"8,544","8,577","8,585","8,596","8,611","8,583","8,578","8,554","8,553","8,533","8,522","8,533"
 Burlington County , Maple Shade township ,"19,131","19,147","19,157","19,133","19,115","19,010","18,966","18,863","18,741","18,624","18,506","18,476"
 Burlington County , Medford township ,"23,033","23,004","23,048","23,095","23,185","23,132","23,207","23,242","23,299","23,287","23,326","23,394"
 Burlington County , Medford Lakes borough ,"4,146","4,152","4,154","4,143","4,138","4,113","4,091","4,066","4,040","3,998","3,942","3,914"
 Burlington County , Moorestown township ,"20,726","20,741","20,744","20,710","20,700","20,582","20,524","20,454","20,449","20,367","20,330","20,516"
 Burlington County , Mount Holly township ,"9,536","9,551","9,556","9,500","9,394","9,361","9,503","9,551","9,579","9,595","9,560","9,547"
 Burlington County , Mount Laurel township ,"41,864","41,860","41,900","41,869","41,834","41,639","41,818","41,797","41,518","41,339","41,150","41,250"
 Burlington County , New Hanover township ,"7,385","7,385","7,416","7,766","7,841","7,839","7,245","7,193","7,194","7,787","7,808","7,808"
 Burlington County , North Hanover township ,"7,678","7,707","7,713","7,707","7,701","7,659","7,637","7,591","7,540","7,509","7,489","7,470"
 Burlington County , Palmyra borough ,"7,398","7,378","7,381","7,372","7,359","7,312","7,294","7,250","7,199","7,174","7,153","7,140"
 Burlington County , Pemberton borough ,"1,409","1,404","1,405","1,398","1,390","1,382","1,378","1,370","1,358","1,334","1,328","1,324"
 Burlington County , Pemberton township ,"27,912","27,913","27,930","27,916","27,923","27,802","27,677","27,518","27,239","27,131","27,041","26,979"
 Burlington County , Riverside township ,"8,079","8,066","8,069","8,057","8,050","8,006","7,984","7,935","7,879","7,852","7,829","7,816"
 Burlington County , Riverton borough ,"2,779","2,770","2,771","2,763","2,765","2,749","2,739","2,723","2,705","2,696","2,687","2,685"
 Burlington County , Shamong township ,"6,490","6,525","6,537","6,543","6,533","6,488","6,470","6,442","6,412","6,394","6,375","6,367"
 Burlington County , Southampton township ,"10,464","10,440","10,444","10,423","10,398","10,338","10,313","10,250","10,178","10,147","10,113","10,095"
 Burlington County , Springfield township ,"3,414","3,403","3,404","3,400","3,396","3,373","3,358","3,324","3,300","3,278","3,268","3,257"
 Burlington County , Tabernacle township ,"6,949","6,962","6,973","6,990","6,991","6,946","6,935","6,895","6,852","6,837","6,817","6,794"
 Burlington County , Washington township ,687,687,685,686,682,683,671,671,692,706,709,711
 Burlington County , Westampton township ,"8,813","8,800","8,806","8,795","8,788","8,735","8,713","8,660","8,724","8,697","8,666","8,649"
 Burlington County , Willingboro township ,"31,629","31,615","31,631","31,593","31,563","31,356","31,263","31,068","31,540","31,864","31,850","32,005"
 Burlington County , Woodland township ,"1,788","1,780","1,783","1,788","1,788","1,782","1,782","1,777","1,771","1,769","1,768","1,768"
 Burlington County , Wrightstown borough ,802,804,804,803,802,800,798,793,783,780,778,776
 Camden County , Audubon borough ,"8,819","8,819","8,812","8,795","8,766","8,717","8,684","8,675","8,675","8,657","8,649","8,637"
 Camden County , Audubon Park borough ,"1,023","1,023","1,022","1,020","1,017","1,011","1,007","1,005","1,005","1,004","1,003","1,002"
 Camden County , Barrington borough ,"6,983","6,965","6,958","6,911","6,865","6,810","6,779","6,760","6,750","6,720","6,679","6,642"
 Camden County , Bellmawr borough ,"11,583","11,614","11,612","11,596","11,559","11,491","11,442","11,421","11,427","11,406","11,372","11,359"
 Camden County , Berlin borough ,"7,588","7,598","7,638","7,641","7,638","7,599","7,572","7,553","7,559","7,548","7,546","7,536"
 Camden County , Berlin township ,"5,357","5,364","5,378","5,392","5,379","5,345","5,366","5,407","5,491","5,541","5,637","5,691"
 Camden County , Brooklawn borough ,"1,955","1,938","1,937","1,932","1,927","1,915","1,907","1,904","1,905","1,901","1,900","1,898"
 Camden County , Camden city ,"77,344","76,866","76,805","77,049","76,711","76,283","75,673","75,204","73,818","73,728","73,725","73,562"
 Camden County , Cherry Hill township ,"71,045","70,811","70,760","70,625","70,436","70,655","70,749","70,834","70,976","70,914","70,935","71,245"
 Camden County , Chesilhurst borough ,"1,634","1,628","1,629","1,626","1,624","1,620","1,616","1,618","1,621","1,623","1,622","1,618"
 Camden County , Clementon borough ,"5,000","4,983","4,975","4,963","4,956","4,929","4,908","4,899","4,902","4,922","4,947","4,957"
 Camden County , Collingswood borough ,"13,926","13,939","13,930","13,899","13,865","13,854","13,799","13,918","13,927","13,906","13,901","13,884"
 Camden County , Gibbsboro borough ,"2,274","2,276","2,274","2,269","2,263","2,250","2,240","2,236","2,234","2,227","2,226","2,218"
 Camden County , Gloucester township ,"64,634","64,660","64,611","64,500","64,322","63,948","63,681","63,565","63,596","63,657","63,794","63,903"
 Camden County , Gloucester City city ,"11,456","11,453","11,444","11,418","11,387","11,320","11,272","11,253","11,259","11,238","11,232","11,219"
 Camden County , Haddon township ,"14,707","14,688","14,675","14,648","14,601","14,519","14,464","14,433","14,563","14,552","14,552","14,541"
 Camden County , Haddonfield borough ,"11,593","11,610","11,599","11,573","11,523","11,453","11,397","11,359","11,377","11,356","11,327","11,317"
 Camden County , Haddon Heights borough ,"7,473","7,467","7,478","7,473","7,483","7,457","7,456","7,461","7,502","7,525","7,534","7,529"
 Camden County , Hi-Nella borough ,870,870,869,867,865,860,856,855,861,860,859,858
 Camden County , Laurel Springs borough ,"1,908","1,905","1,904","1,899","1,894","1,880","1,872","1,869","1,870","1,866","1,868","1,866"
 Camden County , Lawnside borough ,"2,945","2,948","2,948","2,942","2,931","2,919","2,904","2,901","2,902","2,895","2,891","2,882"
 Camden County , Lindenwold borough ,"17,613","17,620","17,611","17,567","17,514","17,411","17,387","17,356","17,360","17,314","17,288","17,263"
 Camden County , Magnolia borough ,"4,341","4,353","4,352","4,338","4,332","4,309","4,291","4,283","4,285","4,278","4,277","4,273"
 Camden County , Merchantville borough ,"3,821","3,780","3,777","3,769","3,758","3,736","3,720","3,714","3,716","3,709","3,704","3,700"
 Camden County , Mount Ephraim borough ,"4,676","4,674","4,670","4,669","4,658","4,631","4,614","4,610","4,603","4,595","4,592","4,587"
 Camden County , Oaklyn borough ,"4,038","4,038","4,035","4,026","4,015","3,991","3,974","3,967","3,969","3,962","3,959","3,955"
 Camden County , Pennsauken township ,"35,885","36,015","35,982","35,902","35,823","35,741","35,604","35,534","35,694","35,624","35,665","35,761"
 Camden County , Pine Hill borough ,"10,233","10,230","10,222","10,195","10,353","10,435","10,444","10,441","10,451","10,434","10,428","10,417"
 Camden County , Pine Valley borough ,12,12,12,12,12,12,12,12,11,11,11,11
 Camden County , Runnemede borough ,"8,468","8,465","8,463","8,444","8,423","8,374","8,341","8,325","8,330","8,314","8,309","8,300"
 Camden County , Somerdale borough ,"5,151","5,132","5,131","5,133","5,197","5,249","5,323","5,407","5,459","5,447","5,467","5,477"
 Camden County , Stratford borough ,"7,040","7,054","7,046","7,030","7,036","6,998","6,981","6,983","6,977","6,964","6,962","6,955"
 Camden County , Tavistock borough ,5,5,5,5,5,5,5,5,5,5,5,5
 Camden County , Voorhees township ,"29,131","29,310","29,291","29,301","29,312","29,234","29,201","29,186","29,227","29,214","29,208","29,175"
 Camden County , Waterford township ,"10,649","10,662","10,657","10,644","10,683","10,718","10,716","10,700","10,708","10,699","10,695","10,684"
 Camden County , Winslow township ,"39,499","39,784","39,789","39,545","39,492","39,288","39,130","39,062","39,062","38,688","38,666","38,629"
 Camden County , Woodlynne borough ,"2,978","2,976","2,974","2,967","2,959","2,941","2,929","2,923","2,925","2,920","2,918","2,915"
 Cape May County , Avalon borough ,"1,334","1,334","1,335","1,323","1,316","1,302","1,288","1,276","1,268","1,261","1,246","1,236"
 Cape May County , Cape May city ,"3,607","3,617","3,613","3,588","3,575","3,548","3,529","3,508","3,491","3,477","3,446","3,422"
 Cape May County , Cape May Point borough ,291,291,291,289,287,282,281,280,279,278,276,275
 Cape May County , Dennis township ,"6,467","6,443","6,442","6,400","6,387","6,325","6,296","6,253","6,228","6,199","6,168","6,144"
 Cape May County , Lower township ,"22,866","22,874","22,853","22,632","22,529","22,329","22,143","21,991","21,827","21,676","21,462","21,339"
 Cape May County , Middle township ,"18,911","18,933","18,933","18,858","18,883","18,813","18,781","18,541","18,456","18,371","18,279","18,175"
 Cape May County , North Wildwood city ,"4,041","4,038","4,034","3,996","3,978","3,939","3,908","3,872","3,846","3,821","3,786","3,760"
 Cape May County , Ocean City city ,"11,701","11,702","11,697","11,604","11,551","11,417","11,328","11,281","11,245","11,155","11,027","10,971"
 Cape May County , Sea Isle City city ,"2,114","2,114","2,120","2,109","2,112","2,091","2,084","2,074","2,069","2,058","2,042","2,029"
 Cape May County , Stone Harbor borough ,866,866,867,859,855,844,838,831,827,819,810,810
 Cape May County , Upper township ,"12,373","12,379","12,364","12,254","12,201","12,115","12,031","11,949","11,877","11,844","11,848","11,917"
 Cape May County , West Cape May borough ,"1,024","1,012","1,011","1,013","1,012","1,007","1,001",998,"1,001","1,005","1,003","1,001"
 Cape May County , West Wildwood borough ,603,603,602,597,593,585,578,569,565,563,557,550
 Cape May County , Wildwood city ,"5,325","5,325","5,320","5,275","5,257","5,212","5,166","5,118","5,079","5,045","4,991","4,948"
 Cape May County , Wildwood Crest borough ,"3,270","3,256","3,268","3,244","3,234","3,207","3,179","3,150","3,124","3,105","3,071","3,048"
 Cape May County , Woodbine borough ,"2,472","2,470","2,462","2,453","2,458","2,482","2,476","2,469","2,473","2,452","2,434","2,414"
 Cumberland County , Bridgeton city ,"25,349","25,404","25,343","25,266","25,251","25,187","25,242","24,947","24,838","24,463","24,337","24,160"
 Cumberland County , Commercial township ,"5,178","5,178","5,169","5,161","5,148","5,116","5,091","5,057","5,015","4,977","4,958","4,916"
 Cumberland County , Deerfield township ,"3,119","3,129","3,129","3,132","3,114","3,128","3,119","3,095","3,066","3,029","3,032","3,012"
 Cumberland County , Downe township ,"1,585","1,598","1,594","1,588","1,576","1,557","1,538","1,520","1,514","1,507","1,495","1,447"
 Cumberland County , Fairfield township ,"6,295","6,269","6,334","6,391","6,599","6,512","6,428","6,312","6,175","6,078","5,924","5,911"
 Cumberland County , Greenwich township ,804,799,797,798,799,796,790,778,771,764,764,758
 Cumberland County , Hopewell township ,"4,571","4,607","4,601","4,587","4,548","4,532","4,517","4,474","4,427","4,385","4,362","4,350"
 Cumberland County , Lawrence township ,"3,290","3,286","3,285","3,280","3,270","3,253","3,224","3,204","3,181","3,152","3,088","3,060"
 Cumberland County , Maurice River township ,"7,976","7,652","7,580","7,651","7,578","7,136","7,389","7,222","6,688","6,302","6,023","5,949"
 Cumberland County , Millville city ,"28,400","28,417","28,492","28,637","28,583","28,518","28,323","28,100","27,902","27,672","27,578","27,391"
 Cumberland County , Shiloh borough ,516,516,516,515,511,509,507,503,497,493,491,487
 Cumberland County , Stow Creek township ,"1,431","1,432","1,434","1,445","1,437","1,432","1,425","1,418","1,408","1,393","1,383","1,370"
 Cumberland County , Upper Deerfield township ,"7,660","7,606","7,605","7,608","7,599","7,548","7,529","7,499","7,439","7,346","7,344","7,277"
 Cumberland County , Vineland city ,"60,724","60,734","60,820","60,984","60,921","60,874","60,887","60,583","60,312","59,862","59,856","59,439"
 Essex County , Belleville township ,"35,926","35,854","35,828","35,919","35,849","35,879","35,923","35,950","35,980","35,940","36,542","36,497"
 Essex County , Bloomfield township ,"47,315","47,366","47,362","47,515","47,390","47,541","47,593","47,862","48,220","50,183","50,097","49,973"
 Essex County , Caldwell borough ,"7,822","7,887","7,889","7,929","7,913","7,917","7,927","7,952","7,976","7,973","7,952","7,941"
 Essex County , Cedar Grove township ,"12,411","12,420","12,419","12,473","12,444","12,435","12,512","12,524","12,536","12,523","12,520","12,489"
 Essex County , City of Orange township ,"30,134","30,347","30,342","29,991","30,324","30,402","30,397","30,397","30,447","30,406","30,630","30,551"
 Essex County , East Orange city ,"64,270","64,169","64,150","64,332","64,172","64,221","64,262","64,438","64,426","64,306","64,258","64,367"
 Essex County , Essex Fells borough ,"2,113","2,116","2,116","2,152","2,175","2,197","2,168","2,142","2,109","2,101","2,089","2,088"
 Essex County , Fairfield township ,"7,466","7,454","7,456","7,486","7,473","7,482","7,493","7,497","7,502","7,497","7,489","7,474"
 Essex County , Glen Ridge borough ,"7,527","7,507","7,506","7,532","7,524","7,531","7,560","7,567","7,584","7,579","7,583","7,574"
 Essex County , Irvington township ,"53,926","53,838","53,833","53,947","53,815","53,901","53,957","53,994","54,011","53,952","54,148","54,312"
 Essex County , Livingston township ,"29,366","29,382","29,405","29,509","29,455","29,507","29,546","29,601","29,626","29,694","30,012","30,303"
 Essex County , Maplewood township ,"23,867","23,841","23,839","23,914","23,869","24,033","24,431","24,448","24,455","24,436","25,194","25,380"
 Essex County , Millburn township ,"20,149","20,141","20,122","20,069","19,998","20,011","20,130","20,199","20,188","20,180","20,143","20,080"
 Essex County , Montclair township ,"37,669","37,671","37,684","37,795","37,745","37,783","37,826","37,854","38,480","38,644","38,621","38,564"
 Essex County , Newark city ,"277,140","277,135","277,175","277,574","277,594","278,121","278,936","279,636","280,681","281,237","281,752","282,011"
 Essex County , North Caldwell borough ,"6,183","6,175","6,177","6,199","6,258","6,353","6,546","6,620","6,628","6,626","6,608","6,621"
 Essex County , Nutley township ,"28,370","28,376","28,390","28,464","28,408","28,433","28,472","28,494","28,511","28,504","28,464","28,434"
 Essex County , Roseland borough ,"5,819","5,836","5,838","5,870","5,857","5,821","5,828","5,843","5,850","5,848","5,842","5,835"
 Essex County , South Orange Village township ,"16,198","16,175","16,174","16,213","16,182","16,192","16,209","16,219","16,216","16,757","16,726","16,691"
 Essex County , Verona township ,"13,332","13,343","13,456","13,483","13,438","13,416","13,375","13,452","13,439","13,408","13,401","13,390"
 Essex County , West Caldwell township ,"10,759","10,694","10,693","10,728","10,706","10,717","10,797","10,861","10,872","10,863","10,853","10,837"
 Essex County , West Orange township ,"46,207","46,164","46,183","46,457","46,474","46,756","46,838","46,889","46,952","47,692","47,646","47,563"
 Gloucester County , Clayton borough ,"8,179","8,184","8,186","8,203","8,206","8,206","8,341","8,464","8,568","8,638","8,683","8,738"
 Gloucester County , Deptford township ,"30,561","30,619","30,660","30,605","30,550","30,487","30,497","30,513","30,459","30,447","30,437","30,349"
 Gloucester County , East Greenwich township ,"9,555","9,508","9,626","9,843","10,049","10,140","10,261","10,298","10,347","10,479","10,575","10,719"
 Gloucester County , Elk township ,"4,216","4,167","4,167","4,156","4,135","4,119","4,109","4,094","4,098","4,155","4,177","4,173"
 Gloucester County , Franklin township ,"16,820","16,778","16,782","16,724","16,660","16,605","16,590","16,570","16,472","16,426","16,389","16,300"
 Gloucester County , Glassboro borough ,"18,579","18,578","18,579","18,662","18,843","18,911","19,025","19,159","19,739","19,938","19,994","20,288"
 Gloucester County , Greenwich township ,"4,899","4,907","4,907","4,895","4,881","4,867","4,853","4,848","4,827","4,824","4,811","4,795"
 Gloucester County , Harrison township ,"12,417","12,384","12,428","12,505","12,566","12,666","12,828","12,905","12,911","12,956","13,106","13,116"
 Gloucester County , Logan township ,"6,042","6,045","6,050","6,044","6,023","5,997","5,983","5,965","5,934","5,915","5,899","5,874"
 Gloucester County , Mantua township ,"15,217","15,286","15,303","15,265","15,199","15,143","15,108","15,070","14,990","14,943","14,902","14,840"
 Gloucester County , Monroe township ,"36,129","36,119","36,180","36,434","36,548","36,546","36,641","36,728","36,650","36,731","36,950","36,865"
 Gloucester County , National Park borough ,"3,036","3,035","3,037","3,030","3,014","3,000","2,993","2,988","2,972","2,963","2,955","2,943"
 Gloucester County , Newfield borough ,"1,553","1,589","1,589","1,584","1,577","1,572","1,568","1,564","1,558","1,553","1,549","1,543"
 Gloucester County , Paulsboro borough ,"6,097","6,094","6,091","6,064","6,034","6,006","5,992","5,965","5,927","5,894","5,880","5,854"
 Gloucester County , Pitman borough ,"9,011","9,009","9,008","8,980","8,938","8,907","8,889","8,865","8,818","8,798","8,772","8,741"
 Gloucester County , South Harrison township ,"3,162","3,200","3,209","3,204","3,196","3,184","3,176","3,168","3,154","3,144","3,136","3,123"
 Gloucester County , Swedesboro borough ,"2,584","2,584","2,594","2,606","2,602","2,595","2,597","2,600","2,589","2,583","2,579","2,568"
 Gloucester County , Washington township ,"48,559","49,035","49,031","48,876","48,657","48,426","48,297","48,175","47,922","47,771","47,682","47,753"
 Gloucester County , Wenonah borough ,"2,278","2,278","2,278","2,273","2,268","2,258","2,250","2,247","2,235","2,228","2,222","2,212"
 Gloucester County , West Deptford township ,"21,677","21,656","21,656","21,599","21,503","21,404","21,358","21,325","21,224","21,149","21,072","20,980"
 Gloucester County , Westville borough ,"4,288","4,287","4,287","4,273","4,253","4,234","4,219","4,209","4,187","4,173","4,162","4,144"
 Gloucester County , Woodbury city ,"10,174","10,138","10,137","10,105","10,055","10,008","9,977","9,951","9,897","9,863","9,837","9,794"
 Gloucester County , Woodbury Heights borough ,"3,055","3,062","3,062","3,052","3,038","3,016","3,014","3,007","2,991","2,981","2,973","2,964"
 Gloucester County , Woolwich township ,"10,200","10,214","10,303","10,705","11,009","11,586","12,114","12,265","12,292","12,409","12,783","12,960"
 Hudson County , Bayonne city ,"63,024","63,015","63,050","63,945","64,252","64,736","65,369","65,290","65,315","65,333","64,677","64,897"
 Hudson County , East Newark borough ,"2,406","2,449","2,449","2,475","2,481","2,677","2,680","2,667","2,667","2,665","2,635","2,600"
 Hudson County , Guttenberg town ,"11,176","11,157","11,169","11,367","11,417","11,510","11,509","11,466","11,437","11,365","11,231","11,121"
 Hudson County , Harrison town ,"13,620","13,537","13,561","13,738","13,784","14,622","14,706","15,147","16,039","17,139","17,717","20,061"
 Hudson County , Hoboken city ,"50,005","50,020","50,057","50,769","51,481","52,177","52,463","52,839","53,649","53,662","53,134","52,677"
 Hudson County , Jersey City city ,"247,597","247,608","248,324","252,877","256,072","257,119","258,632","260,171","260,427","263,292","263,851","262,075"
 Hudson County , Kearny town ,"40,684","40,714","40,717","41,219","41,428","41,593","41,670","41,573","41,588","41,597","41,212","41,058"
 Hudson County , North Bergen township ,"60,773","60,790","60,777","61,569","61,872","62,125","62,197","62,039","62,026","61,952","61,289","60,666"
 Hudson County , Secaucus town ,"16,264","16,264","16,693","16,917","18,000","18,089","18,154","18,824","19,558","19,690","20,626","21,893"
 Hudson County , Union City city ,"66,455","66,467","66,459","67,446","67,844","68,232","68,302","68,119","68,365","68,485","68,124","67,982"
 Hudson County , Weehawken township ,"12,554","12,553","12,553","12,801","12,864","12,915","13,029","13,817","14,921","14,914","14,767","14,638"
 Hudson County , West New York town ,"49,708","49,710","49,843","50,511","50,853","51,252","51,529","52,540","52,596","52,732","52,668","52,723"
 Hunterdon County , Alexandria township ,"4,938","4,902","4,899","4,885","4,858","4,843","4,829","4,817","4,792","4,797","4,773","4,754"
 Hunterdon County , Bethlehem township ,"3,979","4,013","4,010","3,987","3,959","3,944","3,936","3,920","3,892","3,886","3,871","3,854"
 Hunterdon County , Bloomsbury borough ,870,874,874,868,862,859,855,851,845,844,842,839
 Hunterdon County , Califon borough ,"1,076","1,063","1,062","1,085","1,076","1,073","1,066","1,066","1,053","1,057","1,052","1,046"
 Hunterdon County , Clinton town ,"2,719","2,719","2,717","2,701","2,685","2,679","2,668","2,656","2,699","2,695","2,689","2,687"
 Hunterdon County , Clinton township ,"13,478","13,510","13,507","13,397","13,271","13,275","13,141","13,050","12,863","12,780","12,716","12,565"
 Hunterdon County , Delaware township ,"4,563","4,567","4,562","4,544","4,524","4,521","4,512","4,492","4,463","4,463","4,444","4,425"
 Hunterdon County , East Amwell township ,"4,013","3,987","3,985","3,968","3,950","3,935","3,919","3,897","3,900","3,905","3,882","3,858"
 Hunterdon County , Flemington borough ,"4,581","4,586","4,581","4,738","4,709","4,693","4,666","4,643","4,618","4,608","4,595","4,577"
 Hunterdon County , Franklin township ,"3,195","3,205","3,200","3,286","3,260","3,254","3,227","3,236","3,231","3,236","3,533","3,518"
 Hunterdon County , Frenchtown borough ,"1,373","1,394","1,393","1,431","1,378","1,409","1,405","1,403","1,359","1,363","1,356","1,351"
 Hunterdon County , Glen Gardner borough ,"1,704","1,975","1,976","1,965","1,953","1,947","1,937","1,934","1,924","1,925","1,917","1,911"
 Hunterdon County , Hampton borough ,"1,401","1,375","1,374","1,366","1,357","1,349","1,339","1,335","1,328","1,326","1,324","1,318"
 Hunterdon County , High Bridge borough ,"3,648","3,645","3,643","3,621","3,596","3,582","3,568","3,550","3,544","3,534","3,458","3,410"
 Hunterdon County , Holland township ,"5,291","5,313","5,310","5,275","5,242","5,224","5,203","5,180","5,144","5,135","5,114","5,097"
 Hunterdon County , Kingwood township ,"3,845","3,826","3,824","3,823","3,804","3,796","3,764","3,765","3,746","3,739","3,743","3,741"
 Hunterdon County , Lambertville city ,"3,906","3,922","3,923","3,904","3,872","3,864","3,854","3,841","3,823","3,821","3,812","3,801"
 Hunterdon County , Lebanon borough ,"1,358","1,358","1,365","1,607","1,697","1,691","1,684","1,670","1,664","1,666","1,656","1,644"
 Hunterdon County , Lebanon township ,"6,588","6,331","6,324","6,291","6,248","6,210","6,187","6,163","6,127","6,118","6,105","6,081"
 Hunterdon County , Milford borough ,"1,233","1,232","1,231","1,222","1,216","1,211","1,206","1,202","1,194","1,190","1,186","1,181"
 Hunterdon County , Raritan township ,"22,185","22,196","22,203","22,153","22,080","22,052","22,034","22,045","21,976","22,052","22,264","22,382"
 Hunterdon County , Readington township ,"16,126","16,120","16,115","16,053","15,966","15,960","15,913","15,914","15,886","15,923","15,872","15,843"
 Hunterdon County , Stockton borough ,538,537,537,533,530,528,526,523,519,519,514,512
 Hunterdon County , Tewksbury township ,"5,993","5,974","5,975","5,947","5,907","5,896","5,887","5,861","5,838","5,831","5,804","5,776"
 Hunterdon County , Union township ,"5,908","5,892","5,889","5,854","5,792","5,785","5,720","5,660","5,576","5,535","5,536","5,461"
 Hunterdon County , West Amwell township ,"3,840","2,845","2,843","2,826","2,802","2,796","2,789","2,778","2,771","2,764","2,749","2,739"
 Mercer County , East Windsor township ,"27,190","27,179","27,210","27,206","27,190","27,421","27,382","27,258","27,143","27,196","27,313","27,288"
 Mercer County , Ewing township ,"35,790","35,729","35,737","36,122","36,073","36,188","36,106","36,054","35,652","35,938","36,276","36,303"
 Mercer County , Hamilton township ,"88,464","88,442","88,516","88,548","88,509","88,591","88,328","87,932","87,541","87,431","87,152","87,065"
 Mercer County , Hightstown borough ,"5,494","5,523","5,532","5,535","5,531","5,534","5,515","5,480","5,464","5,301","5,292","5,304"
 Mercer County , Hopewell borough ,"1,922","1,928","1,933","1,936","1,933","1,929","1,921","1,912","1,904","1,908","1,907","1,906"
 Mercer County , Hopewell township ,"17,304","18,304","18,309","18,183","18,247","18,255","18,366","18,402","18,362","17,945","17,897","17,725"
 Mercer County , Lawrence township ,"33,472","33,483","33,492","33,338","33,244","33,207","33,071","32,878","32,612","32,598","32,524","32,435"
 Mercer County , Pennington borough ,"2,585","2,553","2,559","2,556","2,554","2,554","2,547","2,535","2,526","2,525","2,520","2,576"
 Mercer County , Princeton ,"12,307","28,584","28,592","28,086","29,388","29,714","29,661","30,115","31,002","31,368","31,270","31,187"
 Mercer County , Robbinsville township ,"13,642","13,648","13,660","13,752","13,884","13,920","13,971","14,010","14,241","14,491","14,515","14,543"
 Mercer County , Trenton city ,"84,913","84,959","85,004","84,854","84,631","84,503","84,042","83,519","83,313","83,497","83,604","83,203"
 Mercer County , West Windsor township ,"27,165","27,153","27,169","27,262","27,370","27,613","27,999","28,029","27,939","27,970","27,918","27,895"
 Middlesex County , Carteret borough ,"22,844","22,851","22,861","23,595","23,714","23,691","23,719","23,702","23,629","23,615","23,527","23,408"
 Middlesex County , Cranbury township ,"3,857","3,861","3,860","3,871","3,884","3,882","3,890","3,889","3,886","3,876","3,995","4,067"
 Middlesex County , Dunellen borough ,"7,227","7,223","7,221","7,243","7,265","7,281","7,289","7,286","7,264","7,263","7,236","7,202"
 Middlesex County , East Brunswick township ,"47,512","47,465","47,466","47,618","47,827","47,844","47,908","48,005","47,937","47,915","47,800","47,611"
 Middlesex County , Edison township ,"99,967","100,323","100,302","100,577","100,900","100,921","101,054","100,948","100,631","100,605","100,287","99,758"
 Middlesex County , Helmetta borough ,"2,178","2,172","2,171","2,176","2,180","2,181","2,184","2,182","2,176","2,174","2,166","2,155"
 Middlesex County , Highland Park borough ,"13,982","13,982","13,980","14,011","14,118","14,118","14,135","14,075","13,991","13,895","13,807","13,711"
 Middlesex County , Jamesburg borough ,"5,915","5,889","5,887","5,901","5,919","5,917","5,924","5,927","5,943","5,942","5,915","5,885"
 Middlesex County , Metuchen borough ,"13,574","13,581","13,572","13,617","13,625","13,624","13,652","13,637","13,695","14,099","14,338","14,543"
 Middlesex County , Middlesex borough ,"13,635","13,635","13,629","13,661","13,691","13,685","13,706","13,670","13,615","13,604","13,651","13,679"
 Middlesex County , Milltown borough ,"6,893","6,896","6,894","6,908","6,921","6,918","6,923","6,918","7,033","7,028","7,002","6,967"
 Middlesex County , Monroe township ,"39,132","39,176","39,389","40,114","40,863","41,496","42,479","43,323","43,996","44,506","44,648","45,030"
 Middlesex County , New Brunswick city ,"55,181","54,500","54,886","55,296","55,404","55,896","55,882","56,009","56,183","56,120","55,878","55,676"
 Middlesex County , North Brunswick township ,"40,742","41,423","41,444","41,591","41,817","41,955","42,066","42,025","41,845","41,861","41,670","41,431"
 Middlesex County , Old Bridge township ,"65,375","65,406","65,391","65,594","65,815","65,920","66,020","65,973","65,775","65,849","65,639","65,590"
 Middlesex County , Perth Amboy city ,"50,814","50,827","50,918","51,137","51,556","51,722","51,832","51,705","51,765","51,821","51,677","51,390"
 Middlesex County , Piscataway township ,"56,044","55,984","55,964","56,204","56,646","56,854","56,846","57,029","56,864","56,925","56,721","56,837"
 Middlesex County , Plainsboro township ,"22,999","22,995","22,984","23,058","23,130","23,131","23,169","23,152","23,069","23,056","22,968","22,884"
 Middlesex County , Sayreville borough ,"42,704","42,770","42,766","43,069","43,289","43,602","43,953","44,138","44,320","44,523","44,373","44,173"
 Middlesex County , South Amboy city ,"8,631","8,577","8,575","8,595","8,637","8,626","8,636","8,620","8,603","8,639","8,859","9,176"
 Middlesex County , South Brunswick township ,"43,417","43,419","43,553","43,902","44,206","44,383","44,670","44,823","45,065","45,685","45,746","45,685"
 Middlesex County , South Plainfield borough ,"23,385","23,392","23,383","23,440","23,555","23,573","23,635","23,842","23,867","23,965","24,024","24,052"
 Middlesex County , South River borough ,"16,008","16,050","16,051","16,091","16,128","16,121","16,145","16,131","16,057","16,034","15,948","15,779"
 Middlesex County , Spotswood borough ,"8,257","8,256","8,253","8,282","8,303","8,312","8,321","8,318","8,301","8,299","8,271","8,228"
 Middlesex County , Woodbridge township ,"99,585","99,385","99,358","99,647","99,951","100,090","100,122","100,219","99,947","100,064","100,026","100,145"
 Monmouth County , Aberdeen township ,"18,210","18,142","18,137","18,101","18,039","18,092","18,240","18,311","18,256","18,176","18,609","19,332"
 Monmouth County , Allenhurst borough ,496,495,495,494,494,493,491,487,486,486,484,483
 Monmouth County , Allentown borough ,"1,828","1,824","1,823","1,829","1,822","1,819","1,811","1,809","1,804","1,799","1,786","1,775"
 Monmouth County , Asbury Park city ,"16,116","16,114","16,118","16,004","15,930","15,909","15,831","15,713","15,676","15,664","15,495","15,408"
 Monmouth County , Atlantic Highlands borough ,"4,385","4,381","4,378","4,366","4,352","4,341","4,315","4,281","4,281","4,284","4,312","4,351"
 Monmouth County , Avon-by-the-Sea borough ,"1,901","1,900","1,899","1,917","1,915","1,906","1,791","1,781","1,786","1,782","1,778","1,783"
 Monmouth County , Belmar borough ,"5,794","5,786","5,791","5,766","5,746","5,722","5,683","5,666","5,665","5,644","5,581","5,545"
 Monmouth County , Bradley Beach borough ,"4,298","4,299","4,303","4,298","4,287","4,279","4,263","4,241","4,231","4,197","4,169","4,148"
 Monmouth County , Brielle borough ,"4,774","4,755","4,757","4,755","4,763","4,744","4,732","4,707","4,697","4,693","4,686","4,666"
 Monmouth County , Colts Neck township ,"10,142","10,138","10,149","10,115","10,068","10,059","10,010","9,964","9,920","9,896","9,870","9,822"
 Monmouth County , Deal borough ,750,750,753,752,747,741,736,734,731,728,722,719
 Monmouth County , Eatontown borough ,"12,709","12,685","12,459","12,319","12,248","12,205","12,180","12,196","12,236","12,295","12,229","12,157"
 Monmouth County , Englishtown borough ,"1,847","1,827","1,834","1,842","1,927","1,937","1,942","1,936","1,930","1,930","1,923","1,912"
 Monmouth County , Fair Haven borough ,"6,121","6,112","6,114","6,091","6,071","6,053","6,021","5,980","5,953","5,910","5,814","5,736"
 Monmouth County , Farmingdale borough ,"1,329","1,324","1,325","1,316","1,307","1,307","1,299","1,292","1,288","1,289","1,320","1,354"
 Monmouth County , Freehold borough ,"12,052","12,045","12,037","12,006","11,964","11,952","11,925","11,873","11,843","11,812","11,751","11,682"
 Monmouth County , Freehold township ,"36,184","36,206","36,176","35,778","35,656","35,587","35,436","35,315","35,207","34,839","34,707","34,624"
 Monmouth County , Hazlet township ,"20,334","20,321","20,316","20,255","20,183","20,140","20,054","19,952","19,892","19,874","19,781","19,664"
 Monmouth County , Highlands borough ,"5,005","5,021","5,015","5,000","4,971","4,939","4,866","4,819","4,787","4,773","4,749","4,714"
 Monmouth County , Holmdel township ,"16,773","16,785","16,778","16,727","16,671","16,662","16,626","16,574","16,550","16,542","16,645","16,731"
 Monmouth County , Howell township ,"51,075","51,088","51,101","51,086","51,052","51,427","51,758","51,768","52,015","52,113","52,051","51,952"
 Monmouth County , Interlaken borough ,820,820,819,819,814,812,806,802,798,796,791,789
 Monmouth County , Keansburg borough ,"10,105","10,097","10,091","10,040","9,995","9,973","9,821","9,796","9,785","9,739","9,706","9,632"
 Monmouth County , Keyport borough ,"7,240","7,220","7,220","7,196","7,169","7,155","7,122","7,078","7,055","7,035","7,046","6,977"
 Monmouth County , Lake Como borough ,"1,759","1,763","1,765","1,756","1,746","1,733","1,724","1,716","1,709","1,704","1,690","1,682"
 Monmouth County , Little Silver borough ,"5,950","5,952","5,974","5,967","5,948","5,936","5,884","5,876","5,868","5,864","5,807","5,782"
 Monmouth County , Loch Arbour village ,194,195,194,193,192,192,190,187,182,182,181,180
 Monmouth County , Long Branch city ,"30,719","30,717","30,842","30,746","30,599","30,386","30,702","30,734","30,650","30,559","30,374","30,241"
 Monmouth County , Manalapan township ,"38,872","38,975","39,077","39,321","39,436","39,890","40,016","39,992","39,884","39,764","39,555","39,325"
 Monmouth County , Manasquan borough ,"5,897","5,902","5,903","5,890","5,882","5,765","5,733","5,780","5,817","5,862","5,838","5,806"
 Monmouth County , Marlboro township ,"40,191","40,061","40,066","40,295","40,303","40,420","40,384","40,273","40,163","40,030","39,829","39,640"
 Monmouth County , Matawan borough ,"8,810","8,840","8,890","8,895","8,926","8,911","8,875","8,815","8,793","8,799","8,687","8,640"
 Monmouth County , Middletown township ,"66,522","66,507","66,531","66,422","66,261","66,140","65,879","65,585","65,234","65,160","65,402","65,305"
 Monmouth County , Millstone township ,"10,566","10,666","10,669","10,639","10,596","10,563","10,529","10,472","10,437","10,470","10,455","10,397"
 Monmouth County , Monmouth Beach borough ,"3,279","3,286","3,277","3,271","3,275","3,284","3,235","3,224","3,214","3,220","3,225","3,239"
 Monmouth County , Neptune township ,"27,935","27,991","27,967","27,858","27,748","27,676","27,523","27,442","27,680","27,655","27,560","27,384"
 Monmouth County , Neptune City borough ,"4,869","4,812","4,809","4,795","4,780","4,770","4,743","4,716","4,720","4,678","4,641","4,596"
 Monmouth County , Ocean township ,"27,291","27,293","27,276","27,206","27,099","27,030","26,981","26,926","26,630","26,809","26,679","26,542"
 Monmouth County , Oceanport borough ,"5,832","5,832","5,848","5,841","5,818","5,785","5,739","5,704","5,705","5,719","5,746","5,722"
 Monmouth County , Red Bank borough ,"12,206","12,227","12,304","12,275","12,240","12,248","12,193","12,144","12,117","12,071","12,035","11,966"
 Monmouth County , Roosevelt borough ,882,867,866,864,858,856,855,851,848,846,841,836
 Monmouth County , Rumson borough ,"7,122","7,065","7,072","7,032","6,959","6,902","6,825","6,819","6,793","6,814","6,763","6,714"
 Monmouth County , Sea Bright borough ,"1,412","1,465","1,463","1,460","1,440","1,397","1,380","1,373","1,369","1,368","1,350","1,338"
 Monmouth County , Sea Girt borough ,"1,828","1,828","1,833","1,815","1,798","1,796","1,798","1,799","1,779","1,762","1,769","1,765"
 Monmouth County , Shrewsbury borough ,"3,809","3,807","3,805","3,790","3,793","3,851","4,026","4,103","4,107","4,096","4,081","4,053"
 Monmouth County , Shrewsbury township ,"1,141","1,036","1,029","1,024","1,022","1,020","1,016","1,011","1,008","1,005",999,993
 Monmouth County , Spring Lake borough ,"2,993","2,993","2,993","2,984","2,979","2,980","2,976","2,945","2,952","2,942","2,922","2,904"
 Monmouth County , Spring Lake Heights borough ,"4,713","4,695","4,692","4,683","4,663","4,653","4,631","4,610","4,594","4,587","4,550","4,521"
 Monmouth County , Tinton Falls borough ,"17,892","18,032","18,033","18,049","18,000","17,967","17,878","17,792","17,737","17,675","17,548","17,451"
 Monmouth County , Union Beach borough ,"6,245","6,273","6,266","6,245","6,230","5,692","5,458","5,458","5,436","5,399","5,354","5,305"
 Monmouth County , Upper Freehold township ,"6,902","6,907","6,903","6,882","6,868","6,877","6,857","6,846","6,858","6,932","7,011","7,077"
 Monmouth County , Wall township ,"26,164","26,156","26,149","26,081","26,016","25,980","25,889","25,872","25,875","25,794","25,661","25,554"
 Monmouth County , West Long Branch borough ,"8,097","8,084","8,077","7,968","7,975","7,958","7,834","7,939","7,940","7,928","7,901","7,881"
 Morris County , Boonton town ,"8,347","8,338","8,348","8,377","8,392","8,379","8,351","8,342","8,304","8,256","8,193","8,919"
 Morris County , Boonton township ,"4,263","4,271","4,272","4,300","4,312","4,326","4,318","4,318","4,322","4,300","4,287","4,237"
 Morris County , Butler borough ,"7,539","7,650","7,665","7,706","7,713","7,725","7,730","7,729","7,702","7,679","7,633","7,654"
 Morris County , Chatham borough ,"8,962","8,987","8,990","9,012","9,004","9,003","8,972","8,930","8,893","8,824","8,744","8,635"
 Morris County , Chatham township ,"10,452","10,412","10,423","10,454","10,471","10,506","10,476","10,433","10,365","10,310","10,260","10,117"
 Morris County , Chester borough ,"1,649","1,649","1,650","1,659","1,660","1,661","1,661","1,656","1,652","1,648","1,640","1,624"
 Morris County , Chester township ,"7,838","7,839","7,850","7,887","7,890","7,891","7,865","7,856","7,829","7,806","7,755","7,670"
 Morris County , Denville township ,"16,635","16,679","16,682","16,725","16,760","16,753","16,683","16,637","16,579","16,744","16,630","16,446"
 Morris County , Dover town ,"18,157","18,158","18,171","18,237","18,259","18,272","18,185","18,165","18,088","18,029","17,922","17,725"
 Morris County , East Hanover township ,"11,157","11,155","11,162","11,197","11,200","11,191","11,159","11,148","11,123","11,103","11,028","10,921"
 Morris County , Florham Park borough ,"11,696","11,736","11,740","11,764","11,780","11,768","11,694","11,728","11,669","11,647","11,572","11,496"
 Morris County , Hanover township ,"13,712","13,718","13,765","13,953","13,985","14,017","14,220","14,260","14,546","14,486","14,395","14,252"
 Morris County , Harding township ,"3,838","3,799","3,808","3,821","3,846","3,846","3,840","3,836","3,811","3,808","3,794","3,760"
 Morris County , Jefferson township ,"21,314","21,289","21,299","21,363","21,377","21,370","21,287","21,241","21,179","21,094","20,943","20,716"
 Morris County , Kinnelon borough ,"10,248","10,125","10,129","10,172","10,187","10,207","10,175","10,158","10,119","10,088","10,010","9,896"
 Morris County , Lincoln Park borough ,"10,521","10,539","10,545","10,544","10,510","10,423","10,424","10,317","10,349","10,351","10,222","10,111"
 Morris County , Long Hill township ,"8,702","8,719","8,719","8,750","8,747","8,750","8,724","8,701","8,666","8,614","8,540","8,430"
 Morris County , Madison borough ,"15,845","15,813","15,850","15,942","16,001","16,112","15,963","15,964","15,935","15,868","16,488","17,654"
 Morris County , Mendham borough ,"4,981","4,991","4,995","5,012","5,015","5,001","4,977","4,958","4,943","4,923","4,898","4,847"
 Morris County , Mendham township ,"5,869","5,874","5,876","5,887","5,889","5,869","5,844","5,831","5,803","5,773","5,727","5,662"
 Morris County , Mine Hill township ,"3,651","3,648","3,649","3,660","3,664","3,662","3,630","3,545","3,569","3,554","3,523","3,478"
 Morris County , Montville township ,"21,528","21,505","21,515","21,586","21,597","21,618","21,611","21,598","21,498","21,429","21,281","21,058"
 Morris County , Morris township ,"22,306","22,413","22,420","22,470","22,462","22,429","22,321","22,383","22,398","22,266","22,184","22,156"
 Morris County , Morris Plains borough ,"5,532","5,532","5,534","5,540","5,585","5,589","5,572","5,565","5,543","5,520","5,899","6,255"
 Morris County , Morristown town ,"18,411","18,352","18,391","18,476","18,503","18,534","18,491","18,481","18,892","18,817","19,100","19,261"
 Morris County , Mountain Lakes borough ,"4,160","4,167","4,172","4,223","4,228","4,256","4,250","4,249","4,291","4,295","4,266","4,223"
 Morris County , Mount Arlington borough ,"5,050","5,038","5,040","5,064","5,128","5,142","5,209","5,231","5,408","5,803","5,864","5,852"
 Morris County , Mount Olive township ,"28,117","28,181","28,194","28,339","28,462","28,588","28,679","28,816","28,881","28,936","28,983","28,926"
 Morris County , Netcong borough ,"3,232","3,232","3,233","3,240","3,241","3,235","3,225","3,218","3,204","3,191","3,165","3,131"
 Morris County , Parsippany-Troy Hills township ,"53,238","53,185","53,213","53,363","53,412","53,419","53,167","53,028","52,750","52,595","52,149","51,561"
 Morris County , Pequannock township ,"15,540","15,538","15,509","15,510","15,490","15,502","15,418","15,338","15,277","15,225","15,130","14,965"
 Morris County , Randolph township ,"25,734","25,701","25,705","25,773","25,792","25,810","25,769","25,691","25,580","25,587","25,563","25,378"
 Morris County , Riverdale borough ,"3,559","3,574","3,584","3,911","4,090","4,182","4,253","4,244","4,227","4,212","4,180","4,135"
 Morris County , Rockaway borough ,"6,438","6,438","6,443","6,461","6,463","6,460","6,431","6,424","6,431","6,413","6,356","6,276"
 Morris County , Rockaway township ,"24,156","24,136","24,142","24,325","24,343","24,422","24,337","24,390","24,304","25,177","25,605","25,876"
 Morris County , Roxbury township ,"23,324","23,308","23,324","23,385","23,409","23,400","23,309","23,242","23,131","23,047","22,859","22,551"
 Morris County , Victory Gardens borough ,"1,520","1,516","1,517","1,521","1,521","1,521","1,515","1,512","1,505","1,499","1,487","1,470"
 Morris County , Washington township ,"18,533","18,542","18,557","18,625","18,672","18,632","18,572","18,557","18,520","18,509","18,353","18,152"
 Morris County , Wharton borough ,"6,522","6,534","6,536","6,558","6,560","6,559","6,541","6,539","6,515","6,494","6,442","6,369"
 Ocean County , Barnegat township ,"20,936","20,930","21,049","21,215","21,239","21,501","21,943","22,047","22,212","22,707","23,181","23,655"
 Ocean County , Barnegat Light borough ,574,586,586,583,582,580,583,586,581,584,587,587
 Ocean County , Bay Head borough ,968,971,971,973,968,964,969,970,970,971,973,977
 Ocean County , Beach Haven borough ,"1,170","1,175","1,177","1,175","1,172","1,169","1,171","1,172","1,175","1,181","1,196","1,205"
 Ocean County , Beachwood borough ,"11,045","11,042","11,052","11,056","11,021","11,089","11,175","11,182","11,168","11,198","11,264","11,312"
 Ocean County , Berkeley township ,"41,255","41,377","41,396","41,439","41,341","41,537","41,633","41,712","41,700","41,727","41,908","42,036"
 Ocean County , Brick township ,"75,072","75,049","75,054","75,041","74,799","74,782","74,813","74,763","74,833","75,297","75,744","76,100"
 Ocean County , Eagleswood township ,"1,603","1,602","1,602","1,602","1,602","1,594","1,590","1,593","1,590","1,596","1,600","1,603"
 Ocean County , Harvey Cedars borough ,337,341,341,341,341,341,342,341,340,341,341,345
 Ocean County , Island Heights borough ,"1,673","1,644","1,642","1,638","1,631","1,632","1,645","1,638","1,643","1,659","1,673","1,679"
 Ocean County , Jackson township ,"54,856","54,890","55,052","55,298","55,398","55,809","56,210","56,303","56,547","56,942","57,319","57,731"
 Ocean County , Lacey township ,"27,644","27,642","27,667","27,715","27,907","28,053","28,245","28,375","28,499","28,690","29,103","29,295"
 Ocean County , Lakehurst borough ,"2,654","2,654","2,654","2,651","2,643","2,654","2,688","2,687","2,683","2,685","2,699","2,708"
 Ocean County , Lakewood township ,"92,843","92,799","93,205","93,838","94,932","96,335","97,905","99,003","100,549","102,315","104,178","106,300"
 Ocean County , Lavallette borough ,"1,875","1,875","1,878","1,873","1,867","1,845","1,796","1,802","1,827","1,840","1,851","1,866"
 Ocean County , Little Egg Harbor township ,"20,065","20,053","20,115","20,245","20,255","20,292","20,313","20,565","20,860","21,061","21,363","21,712"
 Ocean County , Long Beach township ,"3,051","3,069","3,072","3,074","3,057","3,037","3,019","3,039","3,039","3,049","3,063","3,071"
 Ocean County , Manchester township ,"43,070","43,057","43,096","42,990","42,873","43,096","43,408","43,416","43,381","43,391","43,582","43,723"
 Ocean County , Mantoloking borough ,296,294,294,291,290,250,244,241,242,247,248,249
 Ocean County , Ocean township ,"8,332","8,332","8,374","8,438","8,489","8,595","8,702","8,827","8,995","9,012","9,060","9,088"
 Ocean County , Ocean Gate borough ,"2,011","2,003","2,000","2,006","1,997","1,989","1,991","1,989","2,000","2,008","2,022","2,035"
 Ocean County , Pine Beach borough ,"2,127","2,135","2,140","2,140","2,128","2,135","2,149","2,150","2,149","2,161","2,174","2,184"
 Ocean County , Plumsted township ,"8,421","8,432","8,436","8,445","8,415","8,444","8,503","8,502","8,504","8,505","8,544","8,571"
 Ocean County , Point Pleasant borough ,"18,392","18,373","18,389","18,376","18,334","18,382","18,443","18,457","18,500","18,568","18,675","18,772"
 Ocean County , Point Pleasant Beach borough ,"4,665","4,686","4,685","4,672","4,655","4,615","4,576","4,560","4,534","4,524","4,540","4,551"
 Ocean County , Seaside Heights borough ,"2,887","2,887","2,886","2,884","2,873","2,877","2,883","2,881","2,885","2,886","2,900","2,910"
 Ocean County , Seaside Park borough ,"1,579","1,577","1,577","1,575","1,570","1,570","1,559","1,544","1,543","1,538","1,539","1,543"
 Ocean County , Ship Bottom borough ,"1,156","1,147","1,148","1,146","1,140","1,137","1,123","1,126","1,136","1,138","1,146","1,153"
 Ocean County , South Toms River borough ,"3,684","3,584","3,585","3,583","3,572","3,586","3,602","3,626","3,650","3,654","3,672","3,685"
 Ocean County , Stafford township ,"26,535","26,541","26,583","26,691","26,688","26,780","26,645","26,907","27,096","27,269","27,578","27,845"
 Ocean County , Surf City borough ,"1,205","1,180","1,180","1,179","1,173","1,173","1,172","1,176","1,175","1,182","1,192","1,199"
 Ocean County , Toms River township ,"91,239","91,261","91,318","91,347","91,631","90,869","90,042","90,547","91,529","92,146","93,206","94,108"
 Ocean County , Tuckerton borough ,"3,347","3,358","3,360","3,356","3,349","3,347","3,365","3,364","3,362","3,352","3,357","3,388"
 Passaic County , Bloomingdale borough ,"7,656","7,662","7,666","7,704","7,697","7,697","8,123","8,122","8,110","8,101","8,069","8,061"
 Passaic County , Clifton city ,"84,136","84,117","84,169","84,690","84,695","84,898","85,141","85,240","85,192","85,267","85,251","85,052"
 Passaic County , Haledon borough ,"8,318","8,322","8,326","8,362","8,349","8,347","8,344","8,342","8,328","8,330","8,314","8,293"
 Passaic County , Hawthorne borough ,"18,791","18,786","18,794","18,877","18,853","18,840","18,832","18,832","18,794","18,802","18,782","18,753"
 Passaic County , Little Falls township ,"14,432","14,423","14,429","14,492","14,477","14,460","14,412","14,384","14,462","14,493","14,564","14,474"
 Passaic County , North Haledon borough ,"8,417","8,422","8,429","8,475","8,503","8,473","8,449","8,454","8,464","8,468","8,417","8,395"
 Passaic County , Passaic city ,"69,781","69,811","69,861","70,144","69,966","70,081","70,240","70,237","70,130","70,123","69,932","69,703"
 Passaic County , Paterson city ,"146,199","146,181","146,391","145,593","146,111","146,049","145,911","145,928","145,773","146,015","145,594","145,233"
 Passaic County , Pompton Lakes borough ,"11,097","11,097","11,105","11,153","11,126","11,099","11,082","11,060","11,041","11,029","11,009","10,986"
 Passaic County , Prospect Park borough ,"5,865","5,865","5,868","5,893","5,884","5,883","5,880","5,879","5,869","5,871","5,858","5,843"
 Passaic County , Ringwood borough ,"12,228","12,261","12,267","12,329","12,327","12,328","12,321","12,327","12,300","12,253","12,223","12,198"
 Passaic County , Totowa borough ,"10,804","10,807","10,815","10,868","10,852","10,851","10,850","10,846","10,833","10,825","10,802","10,792"
 Passaic County , Wanaque borough ,"11,116","11,072","11,080","11,293","11,381","11,490","11,642","11,666","11,684","11,740","11,737","11,762"
 Passaic County , Wayne township ,"54,717","54,713","54,730","55,035","54,921","54,799","54,603","54,515","54,214","54,026","53,642","53,369"
 Passaic County , West Milford township ,"25,850","26,242","26,258","26,400","26,390","26,411","26,418","26,434","26,402","26,425","26,378","26,331"
 Passaic County , Woodland Park borough ,"11,819","11,819","11,835","11,956","12,026","12,151","12,299","12,363","12,551","12,634","12,611","12,581"
 Salem County , Alloway township ,"3,467","3,494","3,489","3,468","3,466","3,431","3,408","3,379","3,346","3,356","3,359","3,359"
 Salem County , Carneys Point township ,"8,049","8,079","8,063","8,013","7,978","7,911","7,887","7,822","7,774","7,739","7,722","7,674"
 Salem County , Elmer borough ,"1,395","1,402","1,396","1,389","1,380","1,362","1,350","1,340","1,330","1,320","1,320","1,308"
 Salem County , Elsinboro township ,"1,036","1,036","1,034","1,027","1,018","1,007",999,991,983,978,976,968
 Salem County , Lower Alloways Creek township ,"1,770","1,784","1,782","1,770","1,755","1,743","1,730","1,715","1,704","1,694","1,682","1,672"
 Salem County , Mannington township ,"1,806","1,789","1,786","1,779","1,774","1,758","1,745","1,724","1,714","1,711","1,713","1,716"
 Salem County , Oldmans township ,"1,773","1,781","1,777","1,808","1,839","1,856","1,842","1,824","1,812","1,802","1,799","1,788"
 Salem County , Penns Grove borough ,"5,147","5,106","5,092","5,057","5,014","4,964","4,926","4,871","4,829","4,802","4,788","4,757"
 Salem County , Pennsville township ,"13,409","13,422","13,388","13,293","13,140","12,989","12,879","12,750","12,640","12,528","12,493","12,418"
 Salem County , Pilesgrove township ,"4,016","4,026","4,080","4,184","4,149","4,115","4,082","4,045","4,022","4,005","4,002","3,981"
 Salem County , Pittsgrove township ,"9,393","9,383","9,359","9,312","9,239","9,136","9,076","9,009","8,909","8,873","8,851","8,799"
 Salem County , Quinton township ,"2,666","2,621","2,617","2,593","2,573","2,549","2,532","2,508","2,488","2,475","2,465","2,448"
 Salem County , Salem city ,"5,146","5,151","5,128","5,082","5,033","4,978","4,930","4,866","4,813","4,785","4,762","4,706"
 Salem County , Upper Pittsgrove township ,"3,505","3,490","3,485","3,472","3,458","3,427","3,404","3,385","3,364","3,356","3,360","3,355"
 Salem County , Woodstown borough ,"3,505","3,508","3,504","3,628","3,597","3,560","3,533","3,503","3,475","3,459","3,454","3,436"
 Somerset County , Bedminster township ,"8,165","8,158","8,167","8,183","8,184","8,173","8,154","8,117","8,098","8,072","8,040","7,968"
 Somerset County , Bernards township ,"26,652","26,690","26,728","27,079","27,110","27,160","27,121","26,998","26,940","27,206","27,169","27,038"
 Somerset County , Bernardsville borough ,"7,707","7,737","7,746","7,751","7,751","7,736","7,723","7,709","7,717","7,702","7,671","7,594"
 Somerset County , Bound Brook borough ,"10,402","10,421","10,433","10,459","10,476","10,461","10,423","10,370","10,326","10,305","10,255","10,180"
 Somerset County , Branchburg township ,"14,459","14,456","14,531","14,565","14,575","14,547","14,516","14,461","14,478","14,466","14,516","14,499"
 Somerset County , Bridgewater township ,"44,464","44,420","44,473","44,766","45,041","45,003","44,919","44,723","44,589","44,661","44,402","43,968"
 Somerset County , Far Hills borough ,919,921,922,926,926,925,922,918,916,913,910,903
 Somerset County , Franklin township ,"62,300","62,337","62,526","63,000","63,399","64,752","64,952","65,282","65,469","65,670","65,664","65,642"
 Somerset County , Green Brook township ,"7,203","7,164","7,172","7,189","7,194","7,189","7,165","7,130","7,122","7,093","7,066","7,007"
 Somerset County , Hillsborough township ,"38,303","38,316","38,412","38,829","38,990","39,042","39,271","39,342","39,373","39,421","39,652","39,950"
 Somerset County , Manville borough ,"10,344","10,344","10,356","10,396","10,399","10,391","10,331","10,280","10,286","10,241","10,200","10,121"
 Somerset County , Millstone borough ,418,417,418,416,416,415,414,412,414,413,411,408
 Somerset County , Montgomery township ,"22,254","22,255","22,292","22,360","22,405","22,412","22,490","22,731","23,045","23,188","23,195","23,124"
 Somerset County , North Plainfield borough ,"21,936","21,774","21,794","21,837","21,850","21,815","21,757","21,661","21,611","21,541","21,460","21,289"
 Somerset County , Peapack and Gladstone borough ,"2,582","2,565","2,569","2,568","2,572","2,573","2,569","2,565","2,568","2,569","2,585","2,597"
 Somerset County , Raritan borough ,"6,881","6,882","6,892","6,907","6,906","7,217","7,432","7,917","7,898","7,878","7,849","7,765"
 Somerset County , Rocky Hill borough ,682,682,683,686,684,685,684,681,679,677,674,669
 Somerset County , Somerville borough ,"12,098","12,093","12,107","12,141","12,140","12,118","12,084","12,030","11,997","12,210","12,161","12,063"
 Somerset County , South Bound Brook borough ,"4,563","4,528","4,536","4,546","4,553","4,550","4,532","4,521","4,513","4,562","4,552","4,518"
 Somerset County , Warren township ,"15,311","15,320","15,352","15,609","15,773","15,815","15,813","15,745","15,800","15,735","15,698","15,625"
 Somerset County , Watchung borough ,"5,801","5,999","6,013","6,036","6,063","6,068","6,057","6,033","6,036","6,050","6,051","6,006"
 Sussex County , Andover borough ,606,604,604,600,594,588,583,576,571,568,566,563
 Sussex County , Andover township ,"6,319","6,290","6,286","6,264","6,212","6,156","6,103","6,039","5,988","5,935","5,917","5,870"
 Sussex County , Branchville borough ,841,837,836,831,823,815,805,794,790,786,782,779
 Sussex County , Byram township ,"8,350","8,421","8,419","8,378","8,296","8,222","8,148","8,057","7,988","7,970","7,941","7,932"
 Sussex County , Frankford township ,"5,565","5,547","5,547","5,524","5,492","5,463","5,442","5,390","5,358","5,342","5,318","5,301"
 Sussex County , Franklin borough ,"5,045","5,067","5,065","5,039","4,982","4,927","4,897","4,831","4,791","4,761","4,740","4,721"
 Sussex County , Fredon township ,"3,437","3,382","3,379","3,359","3,327","3,293","3,265","3,222","3,199","3,185","3,174","3,160"
 Sussex County , Green township ,"3,601","3,615","3,609","3,599","3,573","3,554","3,529","3,501","3,487","3,485","3,479","3,471"
 Sussex County , Hamburg borough ,"3,277","3,323","3,323","3,304","3,271","3,240","3,214","3,183","3,157","3,143","3,136","3,131"
 Sussex County , Hampton township ,"5,196","5,186","5,179","5,146","5,095","5,046","5,001","4,945","4,906","4,883","4,867","4,842"
 Sussex County , Hardyston township ,"8,213","8,174","8,178","8,143","8,087","8,020","8,018","7,945","7,882","7,838","7,815","7,786"
 Sussex County , Hopatcong borough ,"15,147","15,136","15,124","15,046","14,907","14,755","14,623","14,425","14,316","14,245","14,197","14,186"
 Sussex County , Lafayette township ,"2,538","2,517","2,512","2,494","2,468","2,439","2,445","2,419","2,400","2,393","2,376","2,363"
 Sussex County , Montague township ,"3,847","3,868","3,865","3,856","3,826","3,793","3,768","3,728","3,698","3,679","3,664","3,648"
 Sussex County , Newton town ,"7,997","8,126","8,120","8,070","8,092","8,012","7,938","7,937","7,878","7,817","7,941","8,019"
 Sussex County , Ogdensburg borough ,"2,410","2,426","2,427","2,414","2,392","2,365","2,343","2,313","2,284","2,274","2,265","2,255"
 Sussex County , Sandyston township ,"1,998","1,973","1,971","1,959","1,943","1,923","1,905","1,881","1,866","1,846","1,835","1,823"
 Sussex County , Sparta township ,"19,722","19,581","19,576","19,554","19,418","19,253","19,113","18,925","18,806","18,705","18,625","18,575"
 Sussex County , Stanhope borough ,"3,610","3,602","3,599","3,580","3,546","3,507","3,475","3,385","3,354","3,334","3,318","3,306"
 Sussex County , Stillwater township ,"4,099","4,151","4,148","4,116","4,077","4,033","3,998","3,951","3,923","3,907","3,893","3,870"
 Sussex County , Sussex borough ,"2,130","2,129","2,129","2,117","2,097","2,076","2,055","2,031","2,017","2,005","1,995","1,985"
 Sussex County , Vernon township ,"23,943","23,605","23,584","23,436","23,215","22,981","22,766","22,493","22,311","22,190","22,093","21,989"
 Sussex County , Walpack township ,16,12,12,12,12,12,11,11,11,11,11,11
 Sussex County , Wantage township ,"11,358","11,364","11,363","11,326","11,234","11,166","11,148","11,022","10,944","10,895","10,853","10,902"
 Union County , Berkeley Heights township ,"13,183","13,134","13,155","13,196","13,240","13,296","13,353","13,360","13,438","13,434","13,470","13,363"
 Union County , Clark township ,"14,756","14,742","14,763","14,817","14,880","14,961","15,125","15,357","15,751","15,856","15,898","15,911"
 Union County , Cranford township ,"22,625","22,635","22,672","22,769","22,864","23,136","23,331","23,899","23,983","24,051","24,100","24,054"
 Union County , Elizabeth city ,"124,969","124,973","125,257","125,792","126,595","127,278","127,658","127,661","127,968","128,175","128,599","129,216"
 Union County , Fanwood borough ,"7,318","7,307","7,317","7,346","7,370","7,415","7,426","7,559","7,653","7,675","7,684","7,697"
 Union County , Garwood borough ,"4,226","4,231","4,239","4,260","4,276","4,299","4,306","4,310","4,330","4,342","4,354","4,352"
 Union County , Hillside township ,"21,404","21,463","21,493","21,557","21,631","21,736","21,781","21,811","21,896","21,972","22,005","21,967"
 Union County , Kenilworth borough ,"7,914","7,914","7,933","7,964","8,000","8,070","8,102","8,128","8,152","8,178","8,199","8,191"
 Union County , Linden city ,"40,499","40,533","40,593","40,694","40,834","41,056","41,336","41,612","42,257","42,370","42,425","42,361"
 Union County , Mountainside borough ,"6,685","6,656","6,668","6,712","6,733","6,781","6,775","6,784","6,822","6,841","6,864","6,885"
 Union County , New Providence borough ,"12,171","12,207","12,224","12,255","12,288","12,319","12,345","12,374","12,714","13,109","13,454","13,595"
 Union County , Plainfield city ,"49,808","49,595","49,667","49,816","49,972","50,223","50,315","50,464","50,276","50,367","50,430","50,317"
 Union County , Rahway city ,"27,346","27,324","27,363","27,898","28,112","28,254","28,822","29,171","29,284","29,631","29,802","29,895"
 Union County , Roselle borough ,"21,085","21,067","21,099","21,178","21,245","21,351","21,389","21,421","21,496","21,603","21,846","21,811"
 Union County , Roselle Park borough ,"13,297","13,290","13,311","13,364","13,407","13,479","13,502","13,517","13,565","13,596","13,615","13,588"
 Union County , Scotch Plains township ,"23,510","23,646","23,687","23,782","23,881","23,999","24,009","24,032","24,106","24,279","24,336","24,274"
 Union County , Springfield township ,"15,817","15,799","15,824","16,124","16,975","17,198","17,267","17,298","17,351","17,434","17,472","17,464"
 Union County , Summit city ,"21,457","21,460","21,493","21,575","21,646","21,793","21,814","21,844","21,903","21,963","21,960","21,897"
 Union County , Union township ,"56,642","56,717","56,798","56,970","57,130","57,427","57,515","57,600","58,302","58,460","58,604","58,488"
 Union County , Westfield town ,"30,316","30,300","30,340","30,384","30,408","30,464","30,351","30,209","30,035","29,899","29,780","29,512"
 Union County , Winfield township ,"1,471","1,471","1,473","1,478","1,483","1,490","1,492","1,494","1,499","1,503","1,505","1,503"
 Warren County , Allamuchy township ,"4,323","4,314","4,382","4,423","4,460","4,503","4,507","4,544","4,572","4,602","4,626","4,666"
 Warren County , Alpha borough ,"2,369","2,368","2,363","2,349","2,329","2,311","2,309","2,301","2,284","2,273","2,267","2,255"
 Warren County , Belvidere town ,"2,681","2,686","2,680","2,663","2,642","2,622","2,619","2,610","2,591","2,579","2,572","2,561"
 Warren County , Blairstown township ,"5,967","5,944","5,933","5,898","5,852","5,807","5,807","5,792","5,752","5,725","5,714","5,691"
 Warren County , Franklin township ,"3,176","3,156","3,154","3,142","3,120","3,098","3,095","3,074","3,059","3,045","3,036","3,024"
 Warren County , Frelinghuysen township ,"2,230","2,246","2,244","2,239","2,226","2,211","2,205","2,202","2,192","2,182","2,176","2,173"
 Warren County , Greenwich township ,"5,712","5,704","5,691","5,659","5,612","5,562","5,557","5,544","5,503","5,477","5,461","5,442"
 Warren County , Hackettstown town ,"9,724","9,718","9,722","9,676","9,610","9,543","9,538","9,568","9,505","9,466","9,443","9,356"
 Warren County , Hardwick township ,"1,696","1,673","1,669","1,668","1,658","1,645","1,647","1,644","1,634","1,627","1,625","1,619"
 Warren County , Harmony township ,"2,667","2,634","2,623","2,611","2,593","2,547","2,533","2,522","2,501","2,490","2,480","2,466"
 Warren County , Hope township ,"1,952","1,935","1,931","1,920","1,910","1,897","1,895","1,891","1,877","1,868","1,865","1,857"
 Warren County , Independence township ,"5,662","5,650","5,637","5,608","5,569","5,528","5,528","5,511","5,468","5,449","5,431","5,411"
 Warren County , Knowlton township ,"3,055","3,060","3,056","3,041","3,023","2,997","2,996","2,986","2,964","2,951","2,940","2,928"
 Warren County , Liberty township ,"2,942","2,943","2,936","2,925","2,895","2,865","2,860","2,848","2,829","2,816","2,811","2,802"
 Warren County , Lopatcong township ,"8,014","8,055","8,105","8,164","8,185","8,187","8,296","8,279","8,232","8,271","8,304","8,387"
 Warren County , Mansfield township ,"7,725","7,708","7,691","7,644","7,582","7,517","7,508","7,481","7,430","7,385","7,369","7,361"
 Warren County , Oxford township ,"2,514","2,519","2,513","2,499","2,480","2,465","2,470","2,462","2,446","2,434","2,427","2,422"
 Warren County , Phillipsburg town ,"14,950","14,950","14,914","14,793","14,683","14,566","14,559","14,505","14,382","14,313","14,270","14,212"
 Warren County , Pohatcong township ,"3,339","3,340","3,333","3,311","3,286","3,262","3,257","3,241","3,217","3,199","3,190","3,175"
 Warren County , Washington borough ,"6,461","6,502","6,487","6,464","6,502","6,512","6,551","6,533","6,498","6,495","6,476","6,450"
 Warren County , Washington township ,"6,651","6,646","6,634","6,591","6,537","6,481","6,477","6,455","6,410","6,377","6,371","6,353"
 Warren County , White township ,"4,882","4,891","4,878","4,854","4,809","4,771","4,767","4,749","4,713","4,691","4,674","4,656"
